Name, District, Office, Position, Party, Contributions, Expenditures, Debt, Ind Sup, Ind Opp
BARTON EDWARD J, 01, STATE SENATOR, , R, 3125.88, 3125.88, 0.00, 0.00, 0.00
CODAY ARTHUR C JR, 01, STATE SENATOR, , R, 0.00, 0.00, 0.00, 0.00, 0.00
MCAULIFFE ROSEMARY A, 01, STATE SENATOR, , D, 65547.26, 65547.26, 0.00, 0.00, 0.00
MOSCOSO LUIS S, 01, STATE SENATOR, , D, 23951.63, 7831.30, 473.93, 0.00, 0.00
WIRTH MINDIE L, 01, STATE SENATOR, , R, 23025.00, 375.58, 0.00, 0.00, 0.00
PALUMBO GUY F, 01, STATE SENATOR, , D, 68692.79, 7389.80, 4165.00, 0.00, 0.00
STANFORD DEREK C, 01, STATE REPRESENTATIVE, 01, D, 46025.00, 3138.77, 0.00, 0.00, 0.00
SUGIYAMA KAZUAKI, 01, STATE REPRESENTATIVE, 01, D, 0.00, 0.00, 0.00, 0.00, 0.00
THANNISCH NEIL L, 01, STATE REPRESENTATIVE, 01, R, 2701.00, 1038.07, 1000.00, 0.00, 0.00
TRAVIS BRIAN M, 01, STATE REPRESENTATIVE, 01, R, 0.00, 634.26, 0.00, 0.00, 0.00
APPLEBY MICHAEL A, 01, STATE REPRESENTATIVE, 02, R, 50.00, 0.00, 0.00, 0.00, 0.00
BARTON EDWARD J, 01, STATE REPRESENTATIVE, 02, R, 2870.12, 2870.12, 0.00, 0.00, 0.00
CARLSON NICHOLAS A, 01, STATE REPRESENTATIVE, 02, D, 0.00, 0.00, 0.00, 0.00, 0.00
KLOBA SHELLEY A, 01, STATE REPRESENTATIVE, 02, D, 18863.60, 6207.18, 6000.00, 0.00, 0.00
LANGSTON JAMES E, 01, STATE REPRESENTATIVE, 02, R, 24850.00, 0.00, 752.74, 0.00, 0.00
MOREAU-COOK AARON J, 01, STATE REPRESENTATIVE, 02, D, 0.00, 0.00, 0.00, 0.00, 0.00
MOSCOSO LUIS S, 01, STATE REPRESENTATIVE, 02, D, 22958.25, 22841.47, 0.00, 0.00, 0.00
RAUNIYAR DARSHAN, 01, STATE REPRESENTATIVE, 02, D, 11999.00, 694.11, 0.00, 0.00, 0.00
WRIGHT KYOKO M, 01, STATE REPRESENTATIVE, 02, D, 7852.74, 5122.93, 0.00, 0.00, 0.00
BECKER RANDI L, 02, STATE SENATOR, , R, 78435.00, 11179.80, 0.00, 0.00, 0.00
BORRELLI TAMBORINE M, 02, STATE SENATOR, , D, 9067.00, 2426.20, 2000.00, 0.00, 0.00
BARKIS ANDREW K, 02, STATE REPRESENTATIVE, 01, R, 25907.00, 11247.65, 5000.00, 0.00, 0.00
HUNT GRAHAM R, 02, STATE REPRESENTATIVE, 01, R, 17980.28, 17980.28, 0.00, 0.00, 0.00
PIVETTA HOFFMAN AMY R, 02, STATE REPRESENTATIVE, 01, O, 20191.35, 9048.88, 0.00, 0.00, 0.00
DOWNES NATHANIEL S, 02, STATE REPRESENTATIVE, 02, D, 0.00, 0.00, 0.00, 0.00, 0.00
MAYNES DEREK E, 02, STATE REPRESENTATIVE, 02, D, 0.00, 0.00, 0.00, 0.00, 0.00
WILCOX JAMES T III, 02, STATE REPRESENTATIVE, 02, R, 111057.82, 38056.52, 0.00, 0.00, 0.00
APKER JAMES R, 03, STATE SENATOR, , L, 0.00, 0.00, 0.00, 0.00, 0.00
BILLIG ANDREW S, 03, STATE SENATOR, , D, 84444.66, 10590.76, 0.00, 0.00, 0.00
MCGLENN RANDY J II, 03, STATE REPRESENTATIVE, 01, L, 538.34, 535.67, 0.00, 0.00, 0.00
RICCELLI MARCUS M, 03, STATE REPRESENTATIVE, 01, D, 61780.51, 15279.51, 0.00, 0.00, 0.00
CARDER LAURA D, 03, STATE REPRESENTATIVE, 02, R, 0.00, 0.00, 0.00, 0.00, 0.00
ORMSBY TIMM S, 03, STATE REPRESENTATIVE, 02, D, 18836.05, 3627.09, 0.00, 0.00, 0.00
DELANEY PAUL A, 03, STATE REPRESENTATIVE, 02, L, 0.00, 0.00, 0.00, 0.00, 0.00
PADDEN MICHAEL J, 04, STATE SENATOR, , R, 80047.14, 14626.32, 0.00, 0.00, 0.00
MCCASLIN ROBERT B, 04, STATE REPRESENTATIVE, 01, R, 8957.58, 0.00, 0.00, 0.00, 0.00
SHEA MATTHEW T, 04, STATE REPRESENTATIVE, 01, R, 54000.87, 22544.30, 0.00, 0.00, 0.00
STUCKER SCOTT V, 04, STATE REPRESENTATIVE, 01, D, 0.00, 0.00, 0.00, 0.00, 0.00
MAGENDANZ CHAD L, 05, STATE SENATOR, , R, 98301.00, 37586.11, 0.00, 0.00, 0.00
MULLET MARK D, 05, STATE SENATOR, , D, 143750.36, 64968.91, 10065.00, 0.00, 46350.00
HICKS ESSIE S, 05, STATE REPRESENTATIVE, 01, D, 1163.00, 1163.00, 0.00, 0.00, 0.00
RITCHIE JASON, 05, STATE REPRESENTATIVE, 01, D, 60838.41, 40793.67, 205.40, 0.00, 0.00
BURNER DARCY G, 05, STATE REPRESENTATIVE, 02, D, 61818.00, 25704.30, 5500.00, 0.00, 0.00
GRAVES PAUL S, 05, STATE REPRESENTATIVE, 02, R, 86026.24, 9203.48, 4000.00, 0.00, 0.00
LARSON MATTHEW R, 05, STATE REPRESENTATIVE, 02, D, 36716.42, 22959.30, 0.00, 0.00, 0.00
MAGENDANZ CHAD L, 05, STATE REPRESENTATIVE, 02, R, 33051.79, 32623.76, 0.00, 0.00, 0.00
RODNE JAY R, 05, STATE REPRESENTATIVE, U, R, 32550.00, 12440.55, 0.00, 0.00, 0.00
CANTY SAMUEL M, 06, STATE REPRESENTATIVE, 01, R, 100.00, 0.00, 0.00, 0.00, 0.00
FIELD IAN A, 06, STATE REPRESENTATIVE, 01, R, 44680.00, 3394.34, 0.00, 0.00, 0.00
PARKER KEVIN C, 06, STATE REPRESENTATIVE, 01, R, 18705.51, 14229.34, 0.00, 0.00, 0.00
PFUNDT BARRY W, 06, STATE REPRESENTATIVE, 01, NO, 0.00, 0.00, 0.00, 0.00, 0.00
VEHRS LYNNETTE K, 06, STATE REPRESENTATIVE, 01, D, 24266.22, 8553.07, 3365.35, 0.00, 0.00
VOLZ JAMES M, 06, STATE REPRESENTATIVE, 01, R, 9510.00, 2695.81, 1500.00, 0.00, 0.00
HOLY JEFFREY M, 06, STATE REPRESENTATIVE, 02, R, 12482.37, 5024.86, 0.00, 0.00, 0.00
LICHTY SHARLENE A, 06, STATE REPRESENTATIVE, 02, D, 8590.98, 2095.23, 0.00, 0.00, 0.00
SHORT SHELLY A, 07, STATE REPRESENTATIVE, 01, R, 43515.76, 12419.03, 0.00, 0.00, 0.00
FOSTER MICHAEL B, 07, STATE REPRESENTATIVE, 02, L, 1474.74, 454.74, 1000.00, 0.00, 0.00
KRETZ JOEL A, 07, STATE REPRESENTATIVE, 02, R, 41482.13, 2866.87, 0.00, 0.00, 0.00
COOPER RYAN K, 08, STATE REPRESENTATIVE, 01, L, 0.00, 0.00, 0.00, 0.00, 0.00
JANSONS RICHARD S, 08, STATE REPRESENTATIVE, 01, R, 6885.44, 454.74, 2500.00, 0.00, 0.00
KLIPPERT BRADLEY A, 08, STATE REPRESENTATIVE, 01, R, 14405.16, 447.50, 0.00, 0.00, 0.00
HALER LAWRENCE E, 08, STATE REPRESENTATIVE, 02, R, 26550.84, 9967.61, 0.00, 0.00, 0.00
SIMMONS STEVEN A, 08, STATE REPRESENTATIVE, U, R, 9288.23, 8075.35, 9288.23, 0.00, 0.00
SCHOESLER MARK G, 09, STATE SENATOR, , R, 258267.07, 12223.21, 0.00, 0.00, 0.00
DYE MARY L, 09, STATE REPRESENTATIVE, 01, R, 10574.85, 2672.42, 0.00, 0.00, 0.00
GOULET JENNIFER D, 09, STATE REPRESENTATIVE, 01, D, 2131.00, 368.04, 0.00, 0.00, 0.00
ROEMER HAILEY, 09, STATE REPRESENTATIVE, 01, R, 560.24, 495.24, 495.24, 0.00, 0.00
SCHMICK JOSEPH S, 09, STATE REPRESENTATIVE, 02, R, 54011.34, 24006.01, 0.00, 0.00, 0.00
SMITH DANIEL T, 09, STATE REPRESENTATIVE, U, D, 0.00, 0.00, 0.00, 0.00, 0.00
BAILEY BARBARA F, 10, STATE SENATOR, , R, 128440.72, 53102.97, 0.00, 0.00, 0.00
HOMOLA ANGELA D, 10, STATE SENATOR, , D, 60677.07, 19640.97, 0.00, 0.00, 0.00
PETRISH NICHOLAS J III, 10, STATE SENATOR, , D, 13051.00, 9050.64, 0.00, 0.00, 0.00
SCOTT MICHAEL, 10, STATE REPRESENTATIVE, 01, L, 954.35, 54.54, 0.00, 0.00, 0.00
SMITH NORMA C, 10, STATE REPRESENTATIVE, 01, R, 35490.42, 8023.18, 0.00, 0.00, 0.00
ANDERS ALVIN A, 10, STATE REPRESENTATIVE, 02, L, 0.00, 0.00, 0.00, 0.00, 0.00
BREVOORT DORIS J, 10, STATE REPRESENTATIVE, 02, D, 1695.02, 0.00, 55.91, 0.00, 0.00
HAYES DAVID J, 10, STATE REPRESENTATIVE, 02, R, 34866.48, 7414.92, 0.00, 0.00, 0.00
HASEGAWA ROBERT A, 11, STATE SENATOR, , D, 37340.14, 7833.75, 0.00, 0.00, 0.00
PRICE DENNIS J, 11, STATE SENATOR, , L, 0.00, 0.00, 0.00, 0.00, 0.00
ABOUDARA ERIN L, 11, STATE REPRESENTATIVE, 01, R, 400.00, 400.00, 360.86, 0.00, 0.00
HUDGINS ZACHARY L, 11, STATE REPRESENTATIVE, 01, D, 83199.34, 70029.74, 600.00, 0.00, 0.00
BERGQUIST STEVEN A, 11, STATE REPRESENTATIVE, 02, D, 56382.01, 4861.95, 0.00, 0.00, 0.00
HAWKINS BRADLEY M, 12, STATE SENATOR, , R, 58583.00, 17851.29, 6000.00, 0.00, 0.00
PARLETTE LINDA EVANS, 12, STATE SENATOR, , R, 51750.00, 0.00, 0.00, 0.00, 0.00
WYSS JON C, 12, STATE SENATOR, , R, 49066.00, 28345.46, 0.00, 0.00, 0.00
CONDOTTA CARY L, 12, STATE REPRESENTATIVE, 01, R, 28463.06, 2295.54, 0.00, 0.00, 0.00
MAHER DANIEL G, 12, STATE REPRESENTATIVE, 01, D, 1325.00, 0.00, 0.00, 0.00, 0.00
ALLEN BRADLEY N, 12, STATE REPRESENTATIVE, 02, R, 3422.52, 3422.52, 0.00, 0.00, 0.00
CHRISTENSEN GARN G, 12, STATE REPRESENTATIVE, 02, R, 7254.74, 5770.80, 5500.00, 0.00, 0.00
HAWKINS BRADLEY M, 12, STATE REPRESENTATIVE, 02, R, 25675.80, 0.00, 0.00, 0.00, 0.00
STEELE MICHEAL A, 12, STATE REPRESENTATIVE, 02, R, 11234.39, 5935.40, 509.07, 0.00, 0.00
STONE DANNY E, 12, STATE REPRESENTATIVE, 02, R, 5000.00, 0.00, 0.00, 0.00, 0.00
PAINE GERALD, 12, STATE REPRESENTATIVE, U, R, 20375.18, 13938.05, 15060.35, 0.00, 0.00
DENT THOMAS E, 13, STATE REPRESENTATIVE, 01, R, 39008.72, 3.50, 0.00, 0.00, 0.00
MANWELLER MATHEW S, 13, STATE REPRESENTATIVE, 02, R, 80321.50, 14667.89, 0.00, 0.00, 0.00
WEBB BENJAMIN J, 13, STATE REPRESENTATIVE, 02, D, 0.00, 0.00, 0.00, 0.00, 0.00
KING CURTIS P, 14, STATE SENATOR, , R, 178306.31, 14040.48, 0.00, 0.00, 0.00
RICHARDS AMANDA D, 14, STATE SENATOR, , O, 1100.00, 0.00, 0.00, 0.00, 0.00
JOHNSON NORMAN M, 14, STATE REPRESENTATIVE, 01, R, 44678.29, 1360.31, 0.00, 0.00, 0.00
PALMER SUSAN S, 14, STATE REPRESENTATIVE, 01, D, 714.74, 454.74, 454.74, 0.00, 0.00
ADAMS JOHN E, 14, STATE REPRESENTATIVE, 02, D, 0.00, 0.00, 0.00, 0.00, 0.00
MCCABE GINA R, 14, STATE REPRESENTATIVE, 02, R, 27341.00, 6953.92, 0.00, 0.00, 0.00
CHANDLER BRUCE Q, 15, STATE REPRESENTATIVE, 01, R, 0.00, 0.00, 0.00, 0.00, 0.00
COOPER ANGELA J, 15, STATE REPRESENTATIVE, 02, D, 1032.93, 862.93, 942.93, 0.00, 0.00
KEARBY DAVID C, 15, STATE REPRESENTATIVE, 02, R, 14700.00, 0.00, 0.00, 0.00, 0.00
TAYLOR DAVID V, 15, STATE REPRESENTATIVE, 02, R, 4925.00, 0.00, 0.00, 0.00, 0.00
HEWITT MICHAEL D, 16, STATE SENATOR, , R, 38470.00, 570.00, 0.00, 0.00, 0.00
WALSH MAUREEN S, 16, STATE SENATOR, , R, 13708.89, 2441.87, 0.00, 0.00, 0.00
EDWARDS MARY R, 16, STATE REPRESENTATIVE, 01, R, 4144.17, 624.98, 0.00, 0.00, 0.00
FRANCIK REBECCA A, 16, STATE REPRESENTATIVE, 01, D, 1136.00, 709.33, 0.00, 0.00, 0.00
JENKIN WILLIAM R, 16, STATE REPRESENTATIVE, 01, R, 438.74, 957.78, 6000.00, 0.00, 0.00
POMRANING ALLEN N, 16, STATE REPRESENTATIVE, 01, R, 5450.00, 0.00, 0.00, 0.00, 0.00
RUDE SKYLER D, 16, STATE REPRESENTATIVE, 01, R, 11750.00, 3749.76, 0.00, 0.00, 0.00
WALSH MAUREEN S, 16, STATE REPRESENTATIVE, 01, R, 7750.00, 7750.00, 0.00, 0.00, 0.00
ESPINOZA RICARDO, 16, STATE REPRESENTATIVE, 02, R, 1400.00, 0.00, 0.00, 0.00, 0.00
NEALEY TERRY R, 16, STATE REPRESENTATIVE, 02, R, 17150.00, 49.00, 0.00, 0.00, 0.00
DOWNING GARY W, 16, STATE REPRESENTATIVE, U, D, 2480.00, 1705.67, 0.00, 0.00, 0.00
BENTON DONALD M, 17, STATE SENATOR, , R, 123622.01, 87720.56, 0.00, 0.00, 0.00
KIM GUN-SAM, 17, STATE SENATOR, , R, 0.00, 0.00, 0.00, 0.00, 0.00
PROBST TIMOTHY P, 17, STATE SENATOR, , O, 149679.56, 64902.61, 0.00, 0.00, 45000.00
WILSON LYNDA D, 17, STATE SENATOR, , R, 116532.00, 19174.56, 5000.00, 0.00, 0.00
EGAN JOSHUA D, 17, STATE REPRESENTATIVE, 01, D, 0.00, 0.00, 0.00, 0.00, 0.00
FRISINA ROBERT A JR, 17, STATE REPRESENTATIVE, 01, D, 130.00, 425.00, 0.00, 0.00, 0.00
HARRIS TANISHA L, 17, STATE REPRESENTATIVE, 01, D, 8758.29, 4308.24, 0.00, 0.00, 0.00
KIM GUN-SAM, 17, STATE REPRESENTATIVE, 01, O, 16462.26, 498.73, 2000.00, 0.00, 0.00
KRAFT VICKI C, 17, STATE REPRESENTATIVE, 01, R, 51112.45, 18738.73, 5000.00, 0.00, 0.00
OLIVER GERALD T, 17, STATE REPRESENTATIVE, 01, R, 11102.82, 15736.27, 5873.55, 0.00, 0.00
WILSON LYNDA D, 17, STATE REPRESENTATIVE, 01, R, 52497.34, 47260.81, 0.00, 0.00, 0.00
COLWELL RICHARD, 17, STATE REPRESENTATIVE, 02, R, 2150.00, 0.00, 0.00, 0.00, 0.00
HARRIS PAUL L, 17, STATE REPRESENTATIVE, 02, R, 52867.71, 25686.99, 0.00, 0.00, 0.00
HASH MARTIN D, 17, STATE REPRESENTATIVE, 02, D, 0.00, 0.00, 0.00, 0.00, 0.00
ORANGE DON, 17, STATE REPRESENTATIVE, U, D, 6380.00, 0.00, 0.00, 0.00, 0.00
HOLT ERIC K, 18, STATE SENATOR, , D, 0.00, 0.00, 0.00, 0.00, 0.00
RIVERS ANNA M, 18, STATE SENATOR, , R, 167232.00, 57861.18, 0.00, 0.00, 0.00
ANDERSON LISA A, 18, STATE REPRESENTATIVE, 01, D, 2000.00, 0.00, 0.00, 0.00, 0.00
OBERG JUSTIN P, 18, STATE REPRESENTATIVE, 01, D, 0.00, 0.00, 0.00, 0.00, 0.00
VICK BRANDON P, 18, STATE REPRESENTATIVE, 01, R, 52595.02, 5934.87, 0.00, 0.00, 0.00
BOWMAN SHANE A, 18, STATE REPRESENTATIVE, 02, R, 5350.00, 4107.66, 0.00, 0.00, 0.00
BROWN ILANA E, 18, STATE REPRESENTATIVE, 02, D, 0.00, 0.00, 0.00, 0.00, 0.00
GILLESPIE KATHY E, 18, STATE REPRESENTATIVE, 02, O, 14699.00, 2582.07, 2635.00, 0.00, 0.00
PIKE LIZ S, 18, STATE REPRESENTATIVE, 02, R, 56667.93, 13903.95, 0.00, 0.00, 0.00
HATFIELD BRIAN A, 19, STATE SENATOR, , D, 17467.05, 17467.05, 0.00, 0.00, 0.00
PEDERSON SUE K, 19, STATE SENATOR, , R, 31551.00, 0.00, 0.00, 0.00, 0.00
TAKKO DEAN A, 19, STATE SENATOR, , D, 30702.58, 5588.49, 0.00, 0.00, 0.00
PURCELL TERESA M, 19, STATE REPRESENTATIVE, 01, D, 36052.00, 11375.84, 0.00, 0.00, 0.00
ROSSETTI JUSTIN D, 19, STATE REPRESENTATIVE, 01, D, 31299.52, 12338.57, 1000.00, 0.00, 0.00
SUTINEN TIMO S, 19, STATE REPRESENTATIVE, 01, D, 50.00, 0.00, 0.00, 0.00, 0.00
TAKKO DEAN A, 19, STATE REPRESENTATIVE, 01, D, 48475.78, 1616.70, 0.00, 0.00, 0.00
TINNEY VALERIE J, 19, STATE REPRESENTATIVE, 01, R, 11732.25, 7404.30, 1000.00, 0.00, 0.00
TURNER TIFFANY A, 19, STATE REPRESENTATIVE, 01, D, 11304.99, 2588.19, 0.00, 0.00, 0.00
WALSH JAMES W, 19, STATE REPRESENTATIVE, 01, R, 18729.72, 7274.59, 1918.03, 0.00, 0.00
BLAKE BRIAN E, 19, STATE REPRESENTATIVE, 02, D, 55274.15, 7616.97, 0.00, 0.00, 0.00
O'HAGAN JAMES J, 19, STATE REPRESENTATIVE, 02, R, 0.00, 0.00, 0.00, 0.00, 0.00
STAVRUM KEITH M, 19, STATE REPRESENTATIVE, 02, D, 0.00, 0.00, 0.00, 0.00, 0.00
BRAUN JOHN E, 20, STATE SENATOR, , R, 110239.69, 7669.86, 0.00, 0.00, 0.00
DEBOLT RICHARD C, 20, STATE REPRESENTATIVE, 01, R, 34530.56, 12846.99, 0.00, 0.00, 0.00
ORCUTT EDMUND T, 20, STATE REPRESENTATIVE, 02, R, 37968.61, 7063.92, 0.00, 0.00, 0.00
HELS ALEXANDER R, 21, STATE REPRESENTATIVE, 01, L, 0.00, 0.00, 0.00, 0.00, 0.00
PETERSON STROM H, 21, STATE REPRESENTATIVE, 01, D, 16734.17, 1319.15, 0.00, 0.00, 0.00
KHAN MOHAMMED R, 21, STATE REPRESENTATIVE, 02, O, 0.00, 0.00, 0.00, 0.00, 0.00
ORTIZ-SELF LILLIAN, 21, STATE REPRESENTATIVE, 02, D, 31133.84, 17718.65, 400.00, 0.00, 0.00
SCHERRER JEFFERY O, 21, STATE REPRESENTATIVE, 02, R, 9961.00, 1412.30, 5000.00, 0.00, 0.00
BALDWIN SPENCER J, 22, STATE SENATOR, , D, 25.00, 0.38, 0.00, 0.00, 0.00
FRASER KAREN R, 22, STATE SENATOR, , D, 44636.81, 39451.64, 0.00, 0.00, 0.00
HUNT SAMUEL W, 22, STATE SENATOR, , D, 29504.00, 6921.31, 0.00, 0.00, 0.00
LEE ERIK A, 22, STATE SENATOR, , D, 0.00, 0.00, 0.00, 0.00, 0.00
OWENS STEPHEN P, 22, STATE SENATOR, , NO, 400.99, 370.33, 854.74, 0.00, 0.00
AUSTIN DONALD W, 22, STATE REPRESENTATIVE, 01, R, 0.00, 0.00, 0.00, 0.00, 0.00
BANKS BRADLEY N, 22, STATE REPRESENTATIVE, 01, D, 0.00, 0.00, 0.00, 0.00, 0.00
DOLAN LAURIE H, 22, STATE REPRESENTATIVE, 01, D, 60379.03, 29207.49, 5500.00, 0.00, 0.00
EDWARDS FRANKLIN E III, 22, STATE REPRESENTATIVE, 01, D, 6012.00, 3153.08, 2000.00, 0.00, 0.00
JOHNSON KAREN A DR, 22, STATE REPRESENTATIVE, 01, D, 7128.30, 1669.43, 0.00, 0.00, 0.00
OLSON BRADY J, 22, STATE REPRESENTATIVE, 01, D, 1983.98, 1983.98, 0.00, 0.00, 0.00
STRUB RHENDA I, 22, STATE REPRESENTATIVE, 01, D, 20573.80, 11898.95, 5000.00, 0.00, 0.00
CARLSON DYLAN, 22, STATE REPRESENTATIVE, 02, D, 19626.00, 2486.89, 5500.00, 0.00, 0.00
DOGLIO BETH M, 22, STATE REPRESENTATIVE, 02, D, 76495.75, 19355.93, 5500.00, 0.00, 0.00
HUNT SAMUEL W, 22, STATE REPRESENTATIVE, 02, D, 5354.29, 1922.11, 0.00, 0.00, 0.00
ROLFES CHRISTINE N, 23, STATE SENATOR, , D, 103326.46, 25688.13, 0.00, 0.00, 0.00
APPLETON SHERRY V, 23, STATE REPRESENTATIVE, 01, D, 30567.73, 8101.83, 0.00, 0.00, 0.00
BYRNES LORETTA M, 23, STATE REPRESENTATIVE, 01, R, 6151.35, 2081.83, 0.00, 0.00, 0.00
CARROLL JOHN F, 23, STATE REPRESENTATIVE, 01, D, 0.00, 0.00, 0.00, 0.00, 0.00
FERGUSON APRIL D, 23, STATE REPRESENTATIVE, 01, R, 982.00, 808.71, 0.00, 0.00, 0.00
HANSEN DREW D, 23, STATE REPRESENTATIVE, 02, D, 100619.18, 10894.02, 0.00, 0.00, 0.00
HARGROVE JAMES E, 24, STATE SENATOR, , D, 30122.50, 3213.05, 0.00, 0.00, 0.00
TURISSINI DANILLE A, 24, STATE SENATOR, , O, 21262.76, 1105.02, 0.00, 0.00, 0.00
VAN DE WEGE KEVIN W, 24, STATE SENATOR, , D, 20150.00, 4848.83, 1814.74, 0.00, 0.00
CHAPMAN MICHAEL C, 24, STATE REPRESENTATIVE, 01, D, 25785.52, 5625.37, 4000.00, 0.00, 0.00
RAMSAY TAMMY K, 24, STATE REPRESENTATIVE, 01, D, 4647.36, 2700.30, 0.00, 0.00, 0.00
VAN DE WEGE KEVIN W, 24, STATE REPRESENTATIVE, 01, D, 25754.34, 19035.56, 0.00, 0.00, 0.00
VRABLE GEORGE T, 24, STATE REPRESENTATIVE, 01, R, 1160.00, 60.00, 0.00, 0.00, 0.00
ALGER JOHN D, 24, STATE REPRESENTATIVE, 02, O, 2828.05, 38.05, 0.00, 0.00, 0.00
CONWAY STAFFORD A JR, 24, STATE REPRESENTATIVE, 02, L, 0.00, 0.00, 0.00, 0.00, 0.00
THARINGER STEPHEN P, 24, STATE REPRESENTATIVE, 02, D, 43846.93, 557.40, 0.00, 0.00, 0.00
DAMMEIER BRUCE F, 25, STATE SENATOR, , R, 53506.15, 53300.49, 0.00, 0.00, 0.00
MECKLENBURG KARL, 25, STATE SENATOR, , D, 11856.00, 0.00, 0.00, 0.00, 0.00
ZEIGER HANS A, 25, STATE SENATOR, , R, 153877.28, 50687.96, 0.00, 0.00, 0.00
SMITH JAMIE L, 25, STATE REPRESENTATIVE, 01, D, 16600.88, 929.50, 5000.00, 0.00, 0.00
STAMBAUGH MELANIE, 25, STATE REPRESENTATIVE, 01, R, 56530.87, 39161.41, 0.00, 0.00, 0.00
CHATTERTON MICHELLE C, 25, STATE REPRESENTATIVE, 02, D, 25700.64, 1466.86, 0.00, 0.00, 0.00
MCDONALD JOYCE, 25, STATE REPRESENTATIVE, 02, R, 16480.00, 7568.60, 0.00, 0.00, 0.00
ZEIGER HANS A, 25, STATE REPRESENTATIVE, 02, R, 2032.15, 2032.15, 0.00, 0.00, 0.00
MATIAS ALEXANDER B, 26, STATE REPRESENTATIVE, 01, D, 1515.00, 493.19, 0.00, 0.00, 0.00
SCHEIDLER WILLIAM C, 26, STATE REPRESENTATIVE, 01, R, 0.00, 0.00, 0.00, 0.00, 0.00
SEAQUIST LARRY R, 26, STATE REPRESENTATIVE, 01, O, 7439.80, 30.76, 18402.39, 0.00, 0.00
YOUNG JESSE L, 26, STATE REPRESENTATIVE, 01, R, 57251.84, 21633.84, 10500.00, 0.00, 0.00
CALDIER MICHELLE D, 26, STATE REPRESENTATIVE, 02, R, 185036.19, 110197.65, 5000.00, 0.00, 0.00
SPITZER RANDY E, 26, STATE REPRESENTATIVE, 02, O, 32107.49, 1814.04, 12253.72, 0.00, 0.00
CLINE MARTIN J, 27, STATE SENATOR, , NO, 0.00, 0.00, 0.00, 0.00, 0.00
DARNEILLE JEANNIE L, 27, STATE SENATOR, , D, 27288.29, 2238.92, 1675.00, 0.00, 0.00
TAYLOR GREGORY A, 27, STATE SENATOR, , R, 1009.54, 973.54, 0.00, 0.00, 0.00
JINKINS LAURIE A, 27, STATE REPRESENTATIVE, 01, D, 37797.26, 5904.51, 0.00, 0.00, 0.00
FEY JACOB C, 27, STATE REPRESENTATIVE, 02, D, 57086.20, 23258.11, 20688.43, 0.00, 0.00
O'BAN STEVEN T, 28, STATE SENATOR, , R, 157133.60, 50320.20, 0.00, 0.00, 0.00
PELOQUIN MARISA K, 28, STATE SENATOR, , D, 56819.58, 16608.65, 250.00, 0.00, 0.00
GIROUX ANNE S, 28, STATE REPRESENTATIVE, 01, D, 0.00, 0.00, 0.00, 0.00, 0.00
KRUGER LEAVITT MARI L, 28, STATE REPRESENTATIVE, 01, D, 14740.00, 0.00, 500.00, 0.00, 0.00
MURI RICHARD W, 28, STATE REPRESENTATIVE, 01, R, 43941.20, 23393.88, 0.00, 0.00, 0.00
KILDUFF CHRISTINE J, 28, STATE REPRESENTATIVE, 02, D, 80011.36, 35119.98, 5107.50, 0.00, 0.00
LYONS BRANDON A, 28, STATE REPRESENTATIVE, 02, L, 0.00, 0.00, 0.00, 0.00, 0.00
WAGEMANN JOHN P, 28, STATE REPRESENTATIVE, 02, R, 8582.80, 915.71, 0.00, 0.00, 0.00
WINKLER MICHAEL S, 28, STATE REPRESENTATIVE, 02, R, 16748.11, 8533.31, 1000.00, 0.00, 0.00
DURST BRANDEN J, 29, STATE REPRESENTATIVE, 01, D, 4750.00, 3603.66, 775.00, 0.00, 0.00
SAWYER DAVID J, 29, STATE REPRESENTATIVE, 01, D, 54137.35, 12416.46, 0.00, 0.00, 0.00
THOMAS RICHARD G, 29, STATE REPRESENTATIVE, 01, O, 19606.00, 3970.26, 3000.00, 0.00, 0.00
GARCIA JESSICA J, 29, STATE REPRESENTATIVE, 02, R, 3578.00, 885.49, 0.00, 0.00, 0.00
KIRBY STEVEN T, 29, STATE REPRESENTATIVE, 02, D, 42435.34, 14001.24, 0.00, 0.00, 0.00
KOCHMAR LINDA L, 30, STATE REPRESENTATIVE, 01, R, 41965.63, 29151.55, 3017.28, 0.00, 0.00
PELLICCIOTTI MICHAEL J, 30, STATE REPRESENTATIVE, 01, D, 75375.98, 15275.36, 232.05, 0.00, 0.00
EDWARDS ROSE O, 30, STATE REPRESENTATIVE, 02, D, 2868.69, 2868.69, 0.00, 0.00, 0.00
HICKEL TERI H, 30, STATE REPRESENTATIVE, 02, R, 51709.33, 12569.92, 1804.74, 0.00, 0.00
REEVES KRISTINE M, 30, STATE REPRESENTATIVE, 02, D, 13076.99, 5607.15, 197.79, 0.00, 0.00
FROSTAD JOHN P, 31, STATE REPRESENTATIVE, 01, L, 1410.00, 0.00, 0.00, 0.00, 0.00
STOKESBARY ANDREW R, 31, STATE REPRESENTATIVE, 01, R, 61817.86, 18019.57, 0.00, 0.00, 0.00
FORTUNATO PHILIP D, 31, STATE REPRESENTATIVE, 02, O, 18049.00, 0.00, 0.00, 0.00, 0.00
HURST CHRISTOPHER A, 31, STATE REPRESENTATIVE, 02, D, 51903.00, 51903.00, 0.00, 0.00, 0.00
IRWIN MORGAN T, 31, STATE REPRESENTATIVE, 02, R, 5487.94, 1117.94, 0.00, 0.00, 0.00
LEYBA CHRISTOPHER S, 31, STATE REPRESENTATIVE, 02, R, 0.00, 0.00, 0.00, 0.00, 0.00
MONROY PABLO, 31, STATE REPRESENTATIVE, 02, R, 5958.25, 5033.96, 0.00, 0.00, 0.00
WALTHERS LANE C, 31, STATE REPRESENTATIVE, 02, O, 17981.19, 1302.89, 1513.29, 0.00, 0.00
RUTLEDGE ALVIN A JR, 32, STATE REPRESENTATIVE, 01, R, 0.00, 0.00, 0.00, 0.00, 0.00
RYU CINDY S, 32, STATE REPRESENTATIVE, 01, D, 32101.06, 9795.85, 450.00, 0.00, 0.00
SMITH KEITH R, 32, STATE REPRESENTATIVE, 01, NO, 0.00, 0.00, 0.00, 0.00, 0.00
IRWIN WESLEY D, 32, STATE REPRESENTATIVE, 02, D, 1055.00, 645.35, 0.00, 0.00, 0.00
KAGI RUTH LECOCQ, 32, STATE REPRESENTATIVE, 02, D, 50678.44, 3073.01, 0.00, 0.00, 0.00
HART ALEX R, 32, STATE REPRESENTATIVE, U, L, 460.00, 0.00, 0.00, 0.00, 0.00
SCHIRLE DAVID D, 32, STATE REPRESENTATIVE, U, R, 0.00, 0.00, 0.00, 0.00, 0.00
ORWALL TINA L, 33, STATE REPRESENTATIVE, 01, D, 21499.82, 5015.91, 0.00, 0.00, 0.00
POTTER JOHN S, 33, STATE REPRESENTATIVE, 01, R, 0.00, 0.00, 0.00, 0.00, 0.00
SCHAEFER CHARLES J, 33, STATE REPRESENTATIVE, 01, L, 0.00, 0.00, 0.00, 0.00, 0.00
GREGERSON MIA SU-LING, 33, STATE REPRESENTATIVE, 02, D, 15610.00, 4552.59, 0.00, 0.00, 0.00
POLLOCK PAMELA, 33, STATE REPRESENTATIVE, 02, R, 5199.74, 909.48, 0.00, 0.00, 0.00
CODY EILEEN L, 34, STATE REPRESENTATIVE, 01, D, 72660.46, 41867.64, 400.00, 0.00, 0.00
KOLDING BRENDAN B, 34, STATE REPRESENTATIVE, 01, D, 0.00, 0.00, 0.00, 0.00, 0.00
SHEFFER CHARLES K, 34, STATE REPRESENTATIVE, 01, R, 120.00, -46.95, 0.00, 0.00, 0.00
FITZGIBBON JOSEPH C, 34, STATE REPRESENTATIVE, 02, D, 34589.95, 3270.50, 0.00, 0.00, 0.00
PILLOUD ANDREW, 34, STATE REPRESENTATIVE, 02, R, 957.01, 58.65, 0.00, 0.00, 0.00
BOWLING IRENE R, 35, STATE REPRESENTATIVE, 01, D, 22981.25, 8853.66, 0.00, 0.00, 0.00
GRIFFEY DANIEL G, 35, STATE REPRESENTATIVE, 01, R, 39318.35, 3193.58, 0.00, 0.00, 0.00
MACEWEN DREW C, 35, STATE REPRESENTATIVE, 02, R, 39319.35, 13971.30, 0.00, 0.00, 0.00
PATTI CRAIG M, 35, STATE REPRESENTATIVE, 02, D, 30778.03, 7183.45, 3557.26, 0.00, 0.00
CARLYLE REUVEN M, 36, STATE SENATOR, , D, 9791.00, 488.45, 1129.00, 0.00, 0.00
CARLYLE REUVEN M, 36, STATE REPRESENTATIVE, 01, D, 35091.50, 27039.22, 0.00, 0.00, 0.00
FRAME NOEL C, 36, STATE REPRESENTATIVE, 01, D, 20440.65, 8936.66, 0.00, 0.00, 0.00
TARLETON GAEL D, 36, STATE REPRESENTATIVE, 02, D, 56665.10, 21261.82, 2550.00, 0.00, 0.00
SANTOS SHARON T, 37, STATE REPRESENTATIVE, 01, D, 0.00, 0.00, 0.00, 0.00, 0.00
HALWACHS CARRERA, 37, STATE REPRESENTATIVE, 02, L, 0.00, 0.00, 0.00, 0.00, 0.00
PETTIGREW ERIC, 37, STATE REPRESENTATIVE, 02, D, 38065.26, 8889.16, 400.00, 0.00, 0.00
SMILANICH TAMRA M, 37, STATE REPRESENTATIVE, 02, NO, 0.00, 0.00, 0.00, 0.00, 0.00
ROBINSON JUNE G, 38, STATE REPRESENTATIVE, 01, D, 36072.63, 15926.31, 1900.00, 0.00, 0.00
DRISCOLL SHANE M, 38, STATE REPRESENTATIVE, 02, L, 0.00, 0.00, 0.00, 0.00, 0.00
JOHNSON BERT, 38, STATE REPRESENTATIVE, 02, I, 0.00, 0.00, 0.00, 0.00, 0.00
SELLS MICHAEL S, 38, STATE REPRESENTATIVE, 02, D, 2875.00, 0.00, 0.00, 0.00, 0.00
PEARSON KIRK J, 39, STATE SENATOR, , R, 61037.55, 25003.31, 0.00, 0.00, 0.00
KRISTIANSEN DANIEL P, 39, STATE REPRESENTATIVE, 01, R, 95966.21, 4949.72, 0.00, 0.00, 0.00
WRIGHT LINDA M, 39, STATE REPRESENTATIVE, 01, D, 2139.03, 0.00, 0.00, 0.00, 0.00
KOSTER JOHN M, 39, STATE REPRESENTATIVE, 02, R, 26266.00, 13666.41, 0.00, 0.00, 0.00
METCALF RONDA K, 39, STATE REPRESENTATIVE, 02, D, 9252.00, 4072.90, 0.00, 0.00, 0.00
SCOTT ELIZABETH K, 39, STATE REPRESENTATIVE, 02, R, 871.00, 871.00, 0.00, 0.00, 0.00
RANKER KEVIN M, 40, STATE SENATOR, , D, 38515.00, 12315.48, 2027.85, 0.00, 0.00
MILLER DANIEL R, 40, STATE SENATOR, , R, 0.00, 0.00, 0.00, 0.00, 0.00
LYTTON KRISTINE C, 40, STATE REPRESENTATIVE, 01, D, 25165.79, 3096.75, 501.74, 0.00, 0.00
MORRIS JEFFREY R, 40, STATE REPRESENTATIVE, 02, D, 45637.62, 16151.68, 400.00, 0.00, 0.00
DEGGINGER GRANT S, 41, STATE SENATOR, , D, 2638.52, 2638.52, 411.00, 0.00, 0.00
LITZOW STEPHEN R, 41, STATE SENATOR, , R, 168550.40, 58343.20, 0.00, 0.00, 0.00
PASS JOHN J, 41, STATE SENATOR, , R, 0.00, 0.00, 0.00, 0.00, 0.00
SIMONSON BRYAN M, 41, STATE SENATOR, , L, 8418.07, 5819.89, 0.00, 0.00, 0.00
WELLMAN LISA, 41, STATE SENATOR, , D, 46238.92, 2406.23, 1500.00, 0.00, 0.00
PASS JOHN J, 41, STATE REPRESENTATIVE, 01, R, 1275.42, 462.58, 0.00, 0.00, 0.00
SENN TANA D, 41, STATE REPRESENTATIVE, 01, D, 50745.18, 20079.09, 0.00, 0.00, 0.00
CLIBBORN JUDITH R, 41, STATE REPRESENTATIVE, 02, D, 93757.66, 8117.00, 550.00, 0.00, 0.00
JORDAN ANGEL, 41, STATE REPRESENTATIVE, 02, L, 0.00, 0.00, 0.00, 0.00, 0.00
KARLBERG DOUGLAS F, 42, STATE REPRESENTATIVE, 01, NO, 1538.60, 0.00, 0.00, 0.00, 0.00
LACLAIR SHARLAINE M, 42, STATE REPRESENTATIVE, 01, D, 525.00, 0.00, 0.00, 0.00, 0.00
LAMONT JACOB D, 42, STATE REPRESENTATIVE, 01, L, 6770.00, 3608.02, 0.00, 0.00, 0.00
VAN WERVEN LUANNE E, 42, STATE REPRESENTATIVE, 01, R, 33067.83, 12532.98, 0.00, 0.00, 0.00
BURNS GERALD, 42, STATE REPRESENTATIVE, 02, L, 0.00, 0.00, 0.00, 0.00, 0.00
BUYS VINCENT K, 42, STATE REPRESENTATIVE, 02, R, 29914.57, 6438.17, 0.00, 0.00, 0.00
DICKSON DALE R, 42, STATE REPRESENTATIVE, 02, I, 0.00, 0.00, 0.00, 0.00, 0.00
ASKINI DANIELLE N, 43, STATE REPRESENTATIVE, 01, D, 33093.47, 17493.66, 0.00, 0.00, 0.00
COURTNEY MARCUS R, 43, STATE REPRESENTATIVE, 01, D, 43742.00, 13624.36, 834.60, 0.00, 0.00
EDDY JOHN D, 43, STATE REPRESENTATIVE, 01, NO, 170.00, 0.00, 0.00, 0.00, 0.00
FORBES MICHAEL S, 43, STATE REPRESENTATIVE, 01, D, 19334.99, 6656.51, 0.00, 0.00, 0.00
MACRI NICOLE, 43, STATE REPRESENTATIVE, 01, D, 66122.35, 19741.53, 3222.55, 0.00, 0.00
PITCHFORD THOMAS B, 43, STATE REPRESENTATIVE, 01, D, 27655.30, 7033.48, 200.00, 0.00, 0.00
RANADE SAMEER D, 43, STATE REPRESENTATIVE, 01, D, 30284.41, 5510.46, 0.00, 0.00, 0.00
SHIH DANIEL J, 43, STATE REPRESENTATIVE, 01, D, 147497.48, 34701.89, 11644.59, 0.00, 0.00
WALKINSHAW BRADY P, 43, STATE REPRESENTATIVE, 01, D, 64252.14, 60307.50, 0.00, 0.00, 0.00
ZAERR ZACHARY J, 43, STATE REPRESENTATIVE, 01, R, 0.00, 0.00, 0.00, 0.00, 0.00
CHOPP FRANK V JR, 43, STATE REPRESENTATIVE, 02, D, 78171.21, 16791.12, 1950.00, 0.00, 0.00
AGYEKUM WILBERFORCE O, 44, STATE REPRESENTATIVE, 01, N, 100.00, 0.00, 0.00, 0.00, 0.00
DUNSHEE HANS M, 44, STATE REPRESENTATIVE, 01, D, 19187.98, 11027.16, 0.00, 0.00, 0.00
HUXFORD JANICE, 44, STATE REPRESENTATIVE, 01, R, 50510.68, 17210.05, 0.00, 0.00, 0.00
LOVICK JOHNNY R, 44, STATE REPRESENTATIVE, 01, D, 38430.00, 12999.92, 9500.00, 0.00, 0.00
ENDRESON CHASE T, 44, STATE REPRESENTATIVE, 02, N, 0.00, 0.00, 0.00, 0.00, 0.00
HARMSWORTH MARK J, 44, STATE REPRESENTATIVE, 02, R, 33437.08, 17563.75, 563.15, 0.00, 0.00
MULLER MORREL J, 44, STATE REPRESENTATIVE, 02, D, 0.00, 0.00, 0.00, 0.00, 0.00
ONDRACEK KATRINA, 44, STATE REPRESENTATIVE, 02, D, 10304.74, 454.74, 1328.80, 0.00, 0.00
GOODMAN ROGER E, 45, STATE REPRESENTATIVE, 01, D, 53663.58, 11289.25, 10000.00, 0.00, 0.00
SHEFFER CHARLES K, 45, STATE REPRESENTATIVE, 01, R, 7330.00, 4880.43, 400.00, 0.00, 0.00
VALDERRAMA RAMIRO M, 45, STATE REPRESENTATIVE, 01, R, 35630.29, 8459.17, 2000.00, 0.00, 0.00
SPRINGER LAWRENCE S, 45, STATE REPRESENTATIVE, 02, D, 71372.36, 7526.67, 2100.00, 0.00, 0.00
POLLET GERALD M, 46, STATE REPRESENTATIVE, 01, D, 17732.43, 621.74, 0.00, 0.00, 0.00
VISKOVICH STEPHANIE H, 46, STATE REPRESENTATIVE, 01, L, 0.00, 0.00, 0.00, 0.00, 0.00
FARRELL JESSYN S, 46, STATE REPRESENTATIVE, 02, D, 38361.04, 15479.06, 693.15, 0.00, 0.00
HARGROVE MARK D, 47, STATE REPRESENTATIVE, 01, R, 24114.85, 4676.93, 0.00, 0.00, 0.00
VALENTINE BROOKE N, 47, STATE REPRESENTATIVE, 01, D, 22946.41, 8358.16, 0.00, 0.00, 0.00
KNOWLES BARRY D, 47, STATE REPRESENTATIVE, 02, R, 22236.01, 18536.91, 722.26, 0.00, 0.00
SULLIVAN PATRICK J, 47, STATE REPRESENTATIVE, 02, D, 143598.74, 27185.41, 400.00, 0.00, 0.00
DARNELL LINDA (MICHELLE), 48, STATE REPRESENTATIVE, 01, L, 6057.71, 3004.59, 1214.80, 0.00, 0.00
HUNTER ROSS A, 48, STATE REPRESENTATIVE, 01, D, 8917.42, 1040.25, 0.00, 0.00, 0.00
KUDERER PATRICIA E, 48, STATE REPRESENTATIVE, 01, D, 46449.91, 15653.02, 809.20, 0.00, 0.00
MCBRIDE JOAN L, 48, STATE REPRESENTATIVE, 02, D, 75514.00, 7335.15, 9000.00, 0.00, 0.00
PHELPS BENJAMIN J, 48, STATE REPRESENTATIVE, 02, L, 0.00, 0.00, 0.00, 0.00, 0.00
CLEVELAND ANNETTE M, 49, STATE SENATOR, , D, 96777.50, 36852.12, 0.00, 0.00, 0.00
FORSMAN JUSTIN M, 49, STATE SENATOR, , O, 0.00, 0.00, 0.00, 0.00, 0.00
GERHARDT LEWIS M JR, 49, STATE SENATOR, , R, 165.02, 0.00, 0.00, 0.00, 0.00
HENDERSON VAUGHN G, 49, STATE SENATOR, , D, 0.00, 0.00, 0.00, 0.00, 0.00
BECK BRICE E, 49, STATE REPRESENTATIVE, 01, O, 0.00, 0.00, 0.00, 0.00, 0.00
WYLIE SHARON L, 49, STATE REPRESENTATIVE, 01, D, 29593.73, 17051.22, 0.00, 0.00, 0.00
CRAIN CAROLYN I, 49, STATE REPRESENTATIVE, 02, R, 3706.29, 1632.36, 639.54, 0.00, 0.00
MCLAREN WADE R, 49, STATE REPRESENTATIVE, 02, R, 0.00, 0.00, 0.00, 0.00, 0.00
MOELLER JAMES C, 49, STATE REPRESENTATIVE, 02, D, 6741.47, 6741.47, 0.00, 0.00, 0.00
ROSS LISA P, 49, STATE REPRESENTATIVE, 02, R, 392.98, 392.98, 2063.79, 0.00, 0.00
STONIER MONICA J, 49, STATE REPRESENTATIVE, 02, D, 53607.55, 21767.22, 0.00, 0.00, 0.00
TOPPER ALISHIA F, 49, STATE REPRESENTATIVE, 02, D, 61481.49, 39211.47, 11.50, 0.00, 0.00
