 , Total Compensation, Total Personal Expenses, Total Entertainment, Total Contributions, Total Advertising, Total Political Ads, Total Other Expenses, Totals
 , 49223637.35, 750995.19, 319901.54, 5973999.68, 124350.10, 1139421.18, 2060828.67, 59777792.64

Name, Compensation, Personal Expenses, Entertainment, Contributions, Advertising, Political Ads, Other Expenses, Total
ADVOCATES INC* , 290000.00, 0.00, 0.00, 0.00, 0.00, 0.00, 0.00, 290000.00
AEQUUS CORPORATION* , 85453.00, 0.00, 0.00, 0.00, 0.00, 0.00, 0.00, 85453.00
AHNE PLLC* , 157630.82, 987.62, 0.00, 0.00, 0.00, 0.00, 0.00, 158618.44
ALDRICH ALLEN, 0.00, 0.00, 0.00, 0.00, 0.00, 0.00, 0.00, 0.00
ALDRICH STEVEN, 15124.00, 0.00, 0.00, 0.00, 0.00, 0.00, 0.00, 15124.00
ALEXANDER CAROL, 0.00, 0.00, 0.00, 0.00, 0.00, 0.00, 0.00, 0.00
ALIA CINDY, 16400.00, 1650.36, 146.30, 0.00, 0.00, 0.00, 0.00, 18196.66
ALKIRE WILLIAM, 30000.00, 0.00, 0.00, 0.00, 0.00, 0.00, 0.00, 30000.00
ALLEN GEORGE, 3850.00, 0.00, 0.00, 0.00, 0.00, 0.00, 0.00, 3850.00
ALLEN JENNIFER, 15102.16, 774.10, 1557.58, 0.00, 3385.00, 7558.62, 37218.47, 65595.93
ALLEN MARK, 36000.00, 0.00, 0.00, 0.00, 0.00, 0.00, 0.00, 36000.00
ALLEN NICHOLAS, 1495.45, 0.00, 0.00, 0.00, 0.00, 0.00, 0.00, 1495.45
ALLIANCES NORTHWEST* , 901013.00, 44618.51, 13501.89, 0.00, 0.00, 0.00, 3952.36, 938938.06
ALVAREZ-SAHAGUN PATRICIA, 0.00, 0.00, 0.00, 0.00, 0.00, 0.00, 0.00, 0.00
AMBER CARTER GOVT RELATIONS LLC* , 60300.00, 82.75, 177.66, 0.00, 0.00, 0.00, 0.00, 48399.73
AMBER D LEWIS CONSULTING LLC* , 178883.37, 0.00, 50.45, 9400.00, 0.00, 0.00, 0.00, 188333.82
ANDERSON LIZ, 250.00, 0.00, 0.00, 0.00, 0.00, 0.00, 0.00, 250.00
ANDERSON WILL, 0.00, 0.00, 0.00, 0.00, 0.00, 0.00, 0.00, 0.00
ARAGON SOFIA, 15089.00, 3122.94, 0.00, 0.00, 0.00, 0.00, 0.00, 18211.94
ARBAUGH DAVID, 313059.91, 619.93, 292.12, 0.00, 0.00, 0.00, 0.00, 313971.96
ARLEDGE CODY, 98400.00, 0.00, 0.00, 0.00, 0.00, 0.00, 0.00, 98400.00
ARMSTRONG MIKE, 0.00, 0.00, 0.00, 0.00, 0.00, 0.00, 0.00, 0.00
ARMSTRONG & ASSOC* , 0.00, 0.00, 0.00, 0.00, 0.00, 0.00, 0.00, 0.00
ATWOOD NANCY, 68967.16, 614.91, 2132.84, 217250.00, 0.00, 62600.00, 0.00, 351564.91
AUSTIN ANDREW, 843.88, 141.97, 0.00, 1304.80, 0.00, 0.00, 3.00, 2293.65
AVERY JANIS, 5910.14, 746.06, 0.00, 500.00, 0.00, 0.00, 0.00, 7156.20
AXELROD JARED, 22000.00, 480.96, 64.64, 2244222.02, 0.00, 0.00, 52000.00, 2571090.62
AYON MAURICIO, 23617.76, 0.00, 0.00, 0.00, 0.00, 0.00, 0.00, 23617.76
BABB ANDERSON SHEILA, 14000.00, 736.39, 0.00, 0.00, 0.00, 0.00, 0.00, 14736.39
BABER KATE, 3101.37, 444.33, 0.00, 1950.00, 0.00, 0.00, 0.00, 5495.70
BACA BERNAL, 36933.38, 3640.48, 30.00, 0.00, 17.10, 0.00, 45.06, 40666.02
BAHR LOGAN, 2000.00, 0.00, 0.00, 0.00, 0.00, 0.00, 0.00, 2000.00
BAKER MELINDA, 12500.04, 1694.10, 0.00, 0.00, 0.00, 0.00, 0.00, 14194.14
BAKER ROSS, 62400.00, 76.00, 0.00, 0.00, 0.00, 0.00, 0.00, 62476.00
BALDWIN CHESTER, 153306.99, 15904.55, 0.00, 0.00, 0.00, 0.00, 0.00, 169211.54
BANDOLI CHRISTOPHER, 30000.00, 3739.80, 0.00, 22550.00, 0.00, 0.00, 0.00, 56289.80
BANKS BRAD, 3124.80, 0.00, 0.00, 0.00, 0.00, 0.00, 0.00, 3124.80
BARBOUR HILLARY, 690.04, 0.00, 0.00, 0.00, 0.00, 0.00, 0.00, 690.04
BARKER MITCH, 11385.51, 0.00, 0.00, 0.00, 0.00, 0.00, 0.00, 11385.51
BARRETTE MARGARET, 3900.00, 0.00, 0.00, 0.00, 0.00, 0.00, 0.00, 3900.00
BASS BOB, 48000.00, 714.14, 0.00, 91750.00, 0.00, 0.00, 0.00, 140464.14
BASS TYLER, 0.00, 0.00, 0.00, 0.00, 0.00, 0.00, 0.00, 0.00
BATES THOMAS, 25000.00, 700.00, 0.00, 0.00, 0.00, 0.00, 0.00, 25700.00
BATTLES ROBERT, 87541.67, 0.00, 0.00, 0.00, 0.00, 0.00, 0.00, 87541.67
BAXTER GORDON, 99514.00, 0.00, 0.00, 0.00, 0.00, 0.00, 0.00, 99514.00
BAY STEVEN, 497.81, 0.00, 0.00, 0.00, 0.00, 0.00, 0.00, 497.81
BEARD DAVID, 1909.02, 1768.11, 39.80, 0.00, 0.00, 0.00, 0.00, 3716.93
BEARDSLEY GERI, 14000.00, 0.00, 0.00, 0.00, 0.00, 0.00, 0.00, 14000.00
BECK ELIZABETH, 1367.57, 0.00, 3906.89, 110.00, 0.00, 0.00, 2571.61, 7965.07
BECKETT BRUCE, 83000.00, 125.99, 11486.61, 6000.00, 0.00, 0.00, 0.00, 100612.60
BEDNAR-BUTLER LISA, 5930.50, 0.00, 0.00, 0.00, 0.00, 0.00, 0.00, 5930.50
BELL PAUL, 0.00, 3116.45, 0.00, 0.00, 102.67, 0.00, 844.57, 4063.69
BELSON ANNE, 390.00, 0.00, 0.00, 0.00, 0.00, 0.00, 0.00, 390.00
BENDER JERRY, 35191.04, 0.00, 0.00, 0.00, 0.00, 0.00, 0.00, 35191.04
BENDER RICK, 72000.00, 0.00, 162.88, 100.00, 0.00, 0.00, 0.00, 72262.88
BENSON ALISHA, 0.00, 750.00, 0.00, 0.00, 0.00, 0.00, 0.00, 750.00
BENTLER T K, 0.00, 0.00, 0.00, 0.00, 0.00, 0.00, 0.00, 0.00
BENZ PAUL, 4065.20, 2787.98, 0.00, 0.00, 0.00, 0.00, 0.00, 6853.18
BERENDT ELIZABETH, 0.00, 0.00, 0.00, 0.00, 0.00, 0.00, 0.00, 0.00
BERENDT PAUL, 0.00, 0.00, 0.00, 0.00, 0.00, 0.00, 0.00, 0.00
BERENDT & ASSOC LLC* , 33000.00, 0.00, 0.00, 0.00, 0.00, 0.00, 0.00, 33000.00
BERGLUND TROY, 802.35, 285.08, 525.33, 0.00, 0.00, 0.00, 0.00, 1612.76
BERRY ELIZABETH, 79992.00, 9059.51, 0.00, 0.00, 0.00, 0.00, 0.00, 89051.51
BERSCHAUER ROBERT, 5625.00, 1135.00, 0.00, 0.00, 0.00, 0.00, 0.00, 6760.00
BERTUCCI PATRICK, 481.84, 0.00, 0.00, 0.00, 0.00, 0.00, 0.00, 481.84
BLONIEN SCOTT, 11499.96, 0.00, 0.00, 0.00, 0.00, 0.00, 0.00, 10511.63
BOCK CANDICE, 1761.24, 0.00, 0.00, 0.00, 0.00, 0.00, 0.00, 1761.24
BOE SIMONE, 996.75, 392.58, 0.00, 8329.95, 0.00, 0.00, 30480.17, 40199.45
BOERM DEVIN, 0.00, 0.00, 0.00, 0.00, 0.00, 0.00, 0.00, 0.00
BOGARD REBECCA, 0.00, 0.00, 0.00, 0.00, 0.00, 0.00, 0.00, 0.00
BOGARD & JOHNSON LLC* , 899361.76, 9696.15, 0.00, 0.00, 0.00, 0.00, 14000.00, 923057.91
BOHLKE KAREN, 0.00, 0.00, 0.00, 0.00, 0.00, 0.00, 0.00, 0.00
BOLTON ALEX, 7657.00, 625.00, 0.00, 0.00, 0.00, 0.00, 0.00, 8282.00
BONAGOFSKY JERROLD, 0.00, 0.00, 0.00, 0.00, 0.00, 0.00, 0.00, 0.00
BOOTH CHARLOTTE, 446.23, 74.90, 0.00, 0.00, 0.00, 0.00, 0.00, 521.13
BORNSTEDT DONALD, 0.00, 0.00, 0.00, 0.00, 0.00, 0.00, 0.00, 0.00
BOSH JONI, 2592.65, 3075.92, 0.00, 0.00, 0.00, 0.00, 0.00, 5668.57
BOSS PATRICK, 92000.00, 0.00, 0.00, 0.00, 0.00, 0.00, 0.00, 92000.00
BOSWELL BRAD, 0.00, 0.00, 0.00, 0.00, 0.00, 0.00, 0.00, 0.00
BOSWELL CONSULTING* , 509500.00, 3835.78, 698.11, 0.00, 0.00, 0.00, 0.00, 514033.89
BOWERS MARCY, 1061.82, 498.10, 0.00, 0.00, 0.00, 0.00, 0.00, 1517.92
BOYD TIMOTHY, 0.00, 0.00, 0.00, 0.00, 0.00, 0.00, 0.00, 0.00
BOYER VIOLET, 19441.00, 0.00, 0.00, 0.00, 0.00, 0.00, 0.00, 19441.00
BRACKENBURY AMY, 0.00, 0.00, 0.00, 0.00, 0.00, 0.00, 0.00, 0.00
BRADY BRYNN, 80000.00, 0.00, 0.00, 0.00, 0.00, 0.00, 0.00, 80000.00
BRAY LOUISE, 0.00, 0.00, 0.00, 0.00, 0.00, 0.00, 0.00, 0.00
BREAUX STEVE, 39551.76, 140.81, 0.00, 0.00, 0.00, 0.00, 0.00, 39692.57
BRETT ROBERT, 0.00, 0.00, 0.00, 0.00, 0.00, 0.00, 0.00, 0.00
BREWER CHRISTINE, 137500.00, 2600.86, 0.00, 0.00, 0.00, 0.00, 0.00, 140100.86
BREWER ELIZABETH, 0.00, 0.00, 0.00, 0.00, 0.00, 0.00, 0.00, 0.00
BRIDENSTINE CATE, 0.00, 0.00, 0.00, 0.00, 0.00, 0.00, 0.00, 0.00
BRIDGE BOBBE, 387.06, 0.00, 0.00, 0.00, 0.00, 0.00, 0.00, 387.06
BRIDGES WILLIAM, 17698.46, 1347.75, 0.00, 14150.00, 0.00, 0.00, 0.00, 33196.21
BRIGHT DALE, 1400.00, 0.00, 0.00, 0.00, 0.00, 0.00, 0.00, 1400.00
BRIGHT SPRING STRATEGY CONSULTING* , 15000.00, 0.00, 0.00, 0.00, 0.00, 0.00, 0.00, 15000.00
BRITTELL TIM, 469.65, 926.51, 0.00, 0.00, 3760.75, 0.00, 4618.24, 9775.15
BRITTON-SIPE MARIA, 0.00, 0.00, 0.00, 0.00, 0.00, 0.00, 0.00, 0.00
BROKAW WAYNE, 2236.00, 0.00, 0.00, 0.00, 0.00, 0.00, 0.00, 2236.00
BRONNUM AMBER, 12000.00, 867.96, 0.00, 0.00, 0.00, 0.00, 0.00, 12867.96
BROWN CHARLES, 0.00, 0.00, 0.00, 0.00, 0.00, 0.00, 0.00, 0.00
BROWN DENNIS, 1896.00, 3402.24, 0.00, 0.00, 0.00, 0.00, 0.00, 5298.24
BROWN LARRY, 37643.75, 0.00, 0.00, 0.00, 0.00, 0.00, 0.00, 37643.75
BROWN MARIO, 380.00, 0.00, 0.00, 0.00, 0.00, 0.00, 0.00, 380.00
BROWN MARK, 211650.00, 0.00, 0.00, 0.00, 0.00, 0.00, 0.00, 211650.00
BRUMBACH JON, 0.00, 0.00, 0.00, 0.00, 0.00, 0.00, 0.00, 0.00
BRUNELL DON, 0.00, 0.00, 0.00, 0.00, 0.00, 0.00, 0.00, 0.00
BRYANT ANNE, 60000.00, 0.00, 523.56, 4500.00, 0.00, 0.00, 6000.00, 71023.56
BUCHHOLZ BENJAMIN, 0.00, 0.00, 0.00, 0.00, 0.00, 0.00, 0.00, 0.00
BUCHHOLZ & ASSOC LLC* , 221200.00, 0.00, 0.00, 0.00, 0.00, 0.00, 0.00, 221200.00
BUCKLEY BETTY, 9890.00, 155.00, 0.00, 0.00, 0.00, 0.00, 0.00, 10065.00
BUCKLEY EDWARD, 8750.00, 1150.00, 0.00, 0.00, 0.00, 0.00, 0.00, 9900.00
BUCKNER STEPHEN, 0.00, 0.00, 0.00, 0.00, 0.00, 0.00, 0.00, 0.00
BUNNEY SHAWN, 59500.00, 0.00, 0.00, 0.00, 0.00, 0.00, 0.00, 59500.00
BURBANK JOHN, 1763.21, 0.00, 0.00, 0.00, 0.00, 0.00, 0.00, 1763.21
BURGESS MIKE, 0.00, 0.00, 0.00, 0.00, 0.00, 0.00, 0.00, 0.00
BURICH MOLLY, 781.30, 0.00, 0.00, 0.00, 0.00, 0.00, 0.00, 781.30
BURKE CARL, 87000.00, 321.45, 460.32, 0.00, 0.00, 0.00, 0.00, 87781.77
BURKLAND ANNE, 60000.00, 0.00, 0.00, 0.00, 0.00, 0.00, 0.00, 60000.00
BURRIS GARY, 855.80, 0.00, 0.00, 0.00, 0.00, 0.00, 0.00, 855.80
BURRIS WILLIAM, 12000.00, 0.00, 0.00, 0.00, 0.00, 0.00, 0.00, 12000.00
BUSH JOHN, 1612.50, 602.89, 0.00, 0.00, 0.00, 0.00, 0.00, 2215.39
BUSZ ANDREW, 1276.40, 324.05, 0.00, 0.00, 0.00, 0.00, 0.00, 1600.45
CAAN GEORGE, 9750.00, 0.00, 11390.00, 0.00, 0.00, 0.00, 0.00, 21140.00
CALL SHERI, 15000.00, 0.00, 0.00, 0.00, 0.00, 0.00, 0.00, 15000.00
CALVERT DEANNE, 22700.00, 434.49, 0.00, 7650.00, 328.37, 0.00, 0.00, 31112.86
CAMPANO PHYLLIS, 200.94, 0.00, 0.00, 0.00, 0.00, 0.00, 0.00, 200.94
CAPITOL CONNECTION* , 325859.10, 1308.21, 0.00, 8000.00, 0.00, 0.00, 0.00, 335167.31
CAPITOL SOLUTIONS* , 346224.64, 0.00, 0.00, 0.00, 0.00, 0.00, 10000.00, 356224.64
CAPITOL STRATEGIES CONSULTING* , 283095.00, 0.00, 223.35, 15050.00, 0.00, 0.00, 0.00, 298368.35
CARLEN DIANA, 0.00, 0.00, 0.00, 0.00, 0.00, 0.00, 0.00, 0.00
CARNEY BADLEY SPELLMAN* , 1451995.49, 0.00, 8134.90, 105639.28, 0.00, 0.00, 0.00, 1565163.66
CARR AMANDA, 0.00, 0.00, 0.00, 0.00, 0.00, 0.00, 0.00, 0.00
CARTER AMBER, 36450.00, 0.00, 423.18, 0.00, 0.00, 0.00, 0.00, 36873.18
CASCADE GOVT AFFAIRS LLC* , 524300.00, 0.00, 128.44, 52287.91, 0.00, 0.00, 0.00, 576716.35
CASCADIA LAW GROUP* , 36000.00, 0.00, 0.00, 0.00, 0.00, 0.00, 0.00, 36000.00
CASTLE ART, 6000.00, 0.00, 69.03, 0.00, 0.00, 0.00, 0.00, 6069.03
CAVE SCOTT, 20725.00, 158.25, 160.00, 0.00, 110.03, 0.00, 0.00, 21153.78
CHAHIM LEDA, 946.12, 1415.70, 1820.22, 0.00, 0.00, 0.00, 0.00, 4182.04
CHAMPLAIN SUSAN, 81608.00, 687.98, 53.21, 0.00, 0.00, 0.00, 0.00, 82349.19
CHANDLER GARY, 121375.00, 0.00, 0.00, 0.00, 0.00, 0.00, 0.00, 121375.00
CHANRAMY PARASA, 1911.78, 77.57, 0.00, 0.00, 0.00, 0.00, 0.00, 1989.35
CHATTIN BRUCE, 4023.00, 95.42, 0.00, 0.00, 31.10, 0.00, 748.99, 4402.83
CHAVEZ ANTHONY, 50099.23, 4023.52, 572.68, 63000.00, 0.00, 0.00, 0.00, 117695.43
CHECKERBOARD CONSULTING SERVICES LLC* , 81249.00, 0.00, 0.00, 3050.00, 0.00, 0.00, 0.00, 84299.00
CHERIN SARAH, 5915.30, 0.00, 0.00, 126113.03, 0.00, 3500.00, 0.00, 135528.33
CHIECHI DOLORES, 19200.00, 0.00, 0.00, 0.00, 0.00, 0.00, 0.00, 19200.00
CHIECHI MARIA, 12000.00, 0.00, 0.00, 0.00, 0.00, 0.00, 0.00, 12000.00
CHISA HOLLY, 0.00, 0.00, 0.00, 0.00, 0.00, 0.00, 0.00, 0.00
CHRISTENSEN DONNA, 129000.00, 1800.00, 0.00, 0.00, 0.00, 0.00, 0.00, 130800.00
CHRISTOPHERSEN VICKI, 0.00, 0.00, 0.00, 0.00, 0.00, 0.00, 0.00, 0.00
CHRISTOPHERSEN INC* , 496300.00, 0.00, 5582.45, 0.00, 0.00, 0.00, 0.00, 501882.45
CHUNG KAREN, 178.75, 0.00, 0.00, 0.00, 0.00, 0.00, 0.00, 178.75
CHURCH KELLY, 50.00, 0.00, 0.00, 0.00, 0.00, 0.00, 0.00, 50.00
CIVIC GROUP* , 634166.70, 4608.87, 14302.55, 14000.00, 0.00, 0.00, 0.00, 667078.12
CLARK GINA, 21406.55, 0.00, 0.00, 0.00, 0.00, 0.00, 0.00, 21406.55
CLARK JACQUELINE, 2000.00, 2490.38, 0.00, 1000.00, 0.00, 0.00, 0.00, 5490.38
CLARKE WILLIAM, 225500.00, 2236.19, 236.00, 0.00, 0.00, 0.00, 0.00, 227972.19
CLEMENT MARSHALL, 4784.65, 645.64, 0.00, 0.00, 0.00, 0.00, 0.00, 5430.29
CLIFFORD TRAISMAN & ASSOC* , 136000.00, 0.00, 0.00, 0.00, 0.00, 0.00, 0.00, 136000.00
CLIFTON A FINCH CONSULTING* , 13500.00, 0.00, 0.00, 0.00, 0.00, 0.00, 0.00, 13500.00
CLOGSTON MARY, 51850.00, 0.00, 0.00, 0.00, 0.00, 0.00, 0.00, 59650.00
COBB MONTY, 9227.42, 0.00, 0.00, 0.00, 0.00, 0.00, 0.00, 9227.42
COLLINS KATHLEEN, 0.00, 0.00, 0.00, 0.00, 0.00, 0.00, 0.00, 0.00
COMISKY MATTHEW, 385.50, 0.00, 0.00, 1054.92, 0.00, 0.00, 0.00, 1440.42
COMMUNICO* , 786326.50, 13603.64, 11765.39, 17300.00, 9750.00, 55000.00, 0.00, 893745.53
CONNIFF JOHN, 0.00, 0.00, 0.00, 0.00, 0.00, 0.00, 0.00, 0.00
CONNOR PATRICK, 101862.00, 3757.60, 1161.49, 0.00, 0.00, 0.00, 0.00, 106781.09
COOPER JIM, 3360.76, 1426.37, 0.00, 0.00, 0.00, 0.00, 0.00, 4787.13
COOPER ROBERT, 0.00, 0.00, 0.00, 0.00, 0.00, 0.00, 0.00, 0.00
CORBRIDGE IAN, 579.69, 361.02, 0.00, 0.00, 0.00, 0.00, 0.00, 1120.71
CORONA RAYMUNDO, 3000.00, 0.00, 0.00, 0.00, 0.00, 0.00, 0.00, 3000.00
COYNE DAN, 0.00, 0.00, 0.00, 0.00, 0.00, 0.00, 0.00, 0.00
COYNE JESERNIG LLC* , 910700.00, 0.00, 3671.40, 21900.00, 0.00, 0.00, 0.00, 936271.40
CRAMER KATHARINE, 201.92, 4.00, 0.00, 0.00, 0.00, 0.00, 0.00, 205.92
CRAWFORD ROBERT, 0.00, 0.00, 0.00, 0.00, 0.00, 0.00, 0.00, 0.00
CRONE PAMELA, 0.00, 0.00, 0.00, 0.00, 0.00, 0.00, 0.00, 0.00
CROUCH DEVON, 3783.00, 0.00, 0.00, 0.00, 0.00, 0.00, 0.00, 3783.00
CUNNINGHAM JOE, 325.00, 0.00, 0.00, 0.00, 0.00, 0.00, 0.00, 325.00
CURRY JAMES, 4999.92, 0.00, 0.00, 16150.00, 0.00, 0.00, 0.00, 21149.92
CURTIS MARK, 0.00, 0.00, 0.00, 0.00, 0.00, 0.00, 0.00, 0.00
CUSHMAN JEANNE, 0.00, 0.00, 0.00, 0.00, 0.00, 0.00, 0.00, 0.00
D MICHENER & CO INC* , 482220.00, 413.00, 0.00, 0.00, 0.00, 0.00, 0.00, 482633.00
DAHLING PETER, 36600.00, 656.87, 0.00, 950.00, 0.00, 0.00, 0.00, 38206.87
DAHLQUIST CATHY, 74019.00, 0.00, 0.00, 0.00, 0.00, 0.00, 0.00, 74019.00
DALE LINDA, 0.00, 0.00, 0.00, 0.00, 0.00, 0.00, 0.00, 0.00
DALE ROBIN, 22126.00, 318.43, 4922.38, 0.00, 0.00, 21500.00, 185191.76, 234058.57
DANDY ELLICOTT, 794.10, 0.00, 0.00, 0.00, 0.00, 0.00, 0.00, 794.10
DANIELS JAMIE, 7200.00, 0.00, 6275.00, 0.00, 0.00, 0.00, 0.00, 13475.00
DANIELS JODY, 39648.00, 8431.52, 0.00, 0.00, 0.00, 0.00, 0.00, 48079.52
DANIELS JOE, 198000.00, 0.00, 0.00, 116100.00, 0.00, 0.00, 0.00, 314100.00
DANIELS-BROWN ROMAN, 522408.46, 8634.68, 1415.39, 52985.00, 0.00, 0.00, 0.00, 585443.53
DAVENPORT-SMITH SARAH, 6200.00, 111.92, 0.00, 0.00, 224.58, 840.00, 0.00, 7376.50
DAVIDSON LYNN, 106.61, 0.00, 0.00, 4118.00, 5546.00, 0.00, 12564.33, 22334.94
DAVIS THOMAS, 48000.00, 0.00, 3245.49, 835.49, 0.00, 0.00, 0.00, 52080.98
DAWSON SETH, 144975.00, 0.00, 0.00, 0.00, 0.00, 0.00, 0.00, 144975.00
DE PLACE ERIC, 0.00, 0.00, 0.00, 0.00, 0.00, 0.00, 0.00, 0.00
DENIKE JESSE, 0.00, 0.00, 0.00, 0.00, 0.00, 0.00, 0.00, 0.00
DENNING MITCH, 19245.96, 2371.41, 0.00, 0.00, 0.00, 0.00, 0.00, 21617.37
DENNIS LINDA, 0.00, 0.00, 0.00, 0.00, 0.00, 0.00, 0.00, 0.00
DENNIS & ASSOC* , 74800.00, 0.00, 0.00, 0.00, 0.00, 0.00, 0.00, 74800.00
DEUTSCH JOANIE, 30000.00, 2273.73, 0.00, 0.00, 0.00, 0.00, 0.00, 32273.73
DEVEREUX GREG, 35160.00, 0.00, 0.00, 0.00, 0.00, 0.00, 0.00, 35160.00
DEWEY WILLIAM, 9987.49, 0.00, 3951.62, 776.00, 0.00, 0.00, 0.00, 14715.11
DIEDRICK PETER, 15000.00, 193.79, 0.00, 0.00, 0.00, 0.00, 0.00, 15193.79
DILLEY SCOTT, 36000.00, 0.00, 0.00, 0.00, 0.00, 0.00, 0.00, 36000.00
DIRKSEN DEKKER, 6748.32, 0.00, 0.00, 0.00, 0.00, 9425.88, 0.00, 16174.20
DODSON LYNNE, 0.00, 0.00, 0.00, 1541.26, 0.00, 0.00, 0.00, 1541.26
DONAGHY JOHN, 0.00, 0.00, 0.00, 59500.00, 0.00, 0.00, 6985.00, 66485.00
DOOLEY THOMAS, 0.00, 0.00, 0.00, 0.00, 0.00, 0.00, 0.00, 0.00
DOSER REEN, 165.52, 0.00, 0.00, 0.00, 0.00, 0.00, 0.00, 165.52
DOTY J DYLAN, 0.00, 0.00, 0.00, 0.00, 0.00, 0.00, 0.00, 0.00
DOTY & ASSOC INC* , 114604.00, 14914.28, 0.00, 14950.00, 0.00, 0.00, 0.00, 144468.28
DOTZAUER ALANNAJANELLE, 0.00, 0.00, 0.00, 0.00, 0.00, 0.00, 0.00, 0.00
DOUBLEDAY MICHAEL, 84163.50, 0.00, 0.00, 0.00, 0.00, 0.00, 0.00, 84163.50
DOUGLAS DURREL, 0.00, 0.00, 0.00, 0.00, 0.00, 0.00, 0.00, 0.00
DOUMIT MARK, 13200.00, 85.50, 1035.37, 10.00, 0.00, 0.00, 0.00, 14330.87
DOUMIT MILTON, 80000.00, 0.00, 349.25, 20000.00, 0.00, 0.00, 0.00, 100349.25
DRESCHER JOHN, 694.00, 5.00, 0.00, 0.00, 0.00, 0.00, 0.00, 699.00
DREWEL KATIE, 0.00, 0.00, 0.00, 0.00, 0.00, 0.00, 0.00, 0.00
DUBE CHRISTIAN, 1831.55, 0.00, 0.00, 0.00, 0.00, 0.00, 0.00, 1831.55
DUCHARME DAVID, 357600.00, 0.00, 0.00, 0.00, 0.00, 0.00, 0.00, 357600.00
DUFURRENA RICHARD, 3242.31, 0.00, 0.00, 0.00, 0.00, 0.00, 0.00, 3242.31
DUKE SCHAUB ASSOCIATES* , 79992.00, 912.90, 131.11, 0.00, 0.00, 0.00, 0.00, 81036.01
DUNCAN STEVE, 0.00, 0.00, 0.00, 0.00, 0.00, 0.00, 0.00, 0.00
DUNCAN & ASSOCIATES* , 248820.00, 0.00, 0.00, 0.00, 0.00, 0.00, 0.00, 248820.00
DUNN PATRICK, 0.00, 0.00, 0.00, 0.00, 0.00, 0.00, 0.00, 0.00
DUNN SUSAN, 0.00, 0.00, 0.00, 0.00, 0.00, 0.00, 0.00, 0.00
DURKAN MARTIN, 0.00, 0.00, 0.00, 0.00, 0.00, 0.00, 0.00, 0.00
DURNING ALAN, 0.00, 0.00, 0.00, 0.00, 0.00, 0.00, 0.00, 0.00
DYKSTRA PETER, 0.00, 0.00, 0.00, 0.00, 0.00, 0.00, 0.00, 0.00
DZIEDZIC ERIN, 352199.92, 0.00, 0.00, 0.00, 0.00, 0.00, 0.00, 352199.92
DZWILEWSKI GEORGETTE, 0.00, 0.00, 0.00, 0.00, 0.00, 0.00, 0.00, 0.00
E & A STRATEGIC CONSULTING* , 57000.00, 0.00, 0.00, 2500.00, 0.00, 0.00, 0.00, 59500.00
EAGLE DENNIS, 91145.04, 0.00, 0.00, 172260.00, 0.00, 0.00, 0.00, 263405.04
EAGLE GINGER, 26609.72, 0.00, 0.00, 0.00, 0.00, 0.00, 0.00, 26609.72
ECHOLS TOM, 125249.96, 0.00, 0.00, 1200.00, 0.00, 0.00, 0.00, 126449.96
EDWARDS TIERNEY, 0.00, 0.00, 0.00, 0.00, 0.00, 0.00, 0.00, 0.00
EHMAN MERF, 2354.58, 0.00, 0.00, 0.00, 0.00, 0.00, 0.00, 2354.58
EHRENREICH JOHN, 3000.00, 0.00, 0.00, 1035.00, 0.00, 0.00, 0.00, 4035.00
EICKMEYER EZRA, 12000.00, 0.00, 0.00, 0.00, 0.00, 0.00, 0.00, 12000.00
ELIA KRISTIN, 0.00, 0.00, 0.00, 0.00, 0.00, 0.00, 0.00, 0.00
ELIASON DENNY, 0.00, 0.00, 0.00, 0.00, 0.00, 0.00, 0.00, 0.00
ELLIOTT MIKE, 10800.00, 633.03, 0.00, 0.00, 0.00, 0.00, 0.00, 11433.03
ELLIOTT SUE, 3600.00, 0.00, 865.00, 0.00, 0.00, 0.00, 0.00, 4465.00
EMERICK LESLIE, 127400.00, 2734.62, 247.25, 0.00, 256.76, 0.00, 0.00, 130638.63
EMILY MURPHY STRATEGIES LLC* , 124750.00, 0.00, 0.00, 2450.00, 0.00, 0.00, 0.00, 127200.00
ENGAGE STRATEGIES SPC* , 104006.00, 0.00, 90.00, 0.00, 0.00, 0.00, 0.00, 104096.00
ENGBER JOHN, 30000.00, 0.00, 0.00, 0.00, 0.00, 0.00, 0.00, 30000.00
ENGELKING CRAIG, 0.00, 0.00, 0.00, 0.00, 0.00, 0.00, 0.00, 0.00
ENGLE DARREN, 811.25, 53.72, 0.00, 0.00, 0.00, 0.00, 0.00, 864.97
ENNIS MICHAEL, 83825.04, 0.00, 0.00, 0.00, 0.00, 0.00, 0.00, 83825.01
ENSLOW BRIAN, 5769.38, 0.00, 0.00, 0.00, 0.00, 0.00, 0.00, 5769.38
ERICKS MARIAN, 22300.00, 0.00, 0.00, 0.00, 0.00, 0.00, 0.00, 22300.00
ESCHELS CURTIS, 0.00, 0.00, 0.00, 0.00, 0.00, 0.00, 0.00, 0.00
ESSER LUKE, 129000.00, 0.00, 0.00, 0.00, 0.00, 0.00, 0.00, 129000.00
ESTES JOSHUA, 0.00, 0.00, 0.00, 0.00, 0.00, 0.00, 0.00, 0.00
ESTROFF JENNIFER, 0.00, 0.00, 0.00, 0.00, 0.00, 0.00, 0.00, 0.00
EVANS ANDREA, 19999.92, 0.00, 0.00, 0.00, 0.00, 0.00, 0.00, 19999.92
EVANS CARY, 6745.71, 1432.91, 0.00, 0.00, 0.00, 0.00, 0.00, 8178.62
EVANS KELLY, 0.00, 0.00, 0.00, 0.00, 0.00, 0.00, 0.00, 0.00
EVANS LORI, 68500.00, 0.00, 271.71, 2400.00, 0.00, 0.00, 0.00, 71421.71
EVERGREEN PUBLIC AFFAIRS LLC* , 74700.00, 1202.94, 0.00, 0.00, 23.30, 0.00, 0.00, 75926.24
EWART HUGH, 2915.00, 0.00, 0.00, 0.00, 0.00, 0.00, 0.00, 2915.00
EWING HEATHER, 1023.40, 0.00, 0.00, 0.00, 0.00, 0.00, 0.00, 1023.40
FALE CORINNA, 0.00, 0.00, 0.00, 0.00, 0.00, 0.00, 0.00, 0.00
FARLEY JERALD, 12000.00, 7859.43, 0.00, 0.00, 0.00, 0.00, 0.00, 19859.43
FARRELL TIMOTHY, 37500.00, 0.00, 0.00, 0.00, 0.00, 0.00, 0.00, 37500.00
FEDERICI KRISTEN, 4473.00, 0.00, 0.00, 0.00, 0.00, 0.00, 0.00, 4473.00
FEDERICI NICK, 217600.00, 0.00, 0.00, 0.00, 0.00, 100814.00, 0.00, 318414.00
FELIX BRYNN, 22812.76, 0.00, 0.00, 0.00, 0.00, 0.00, 0.00, 22812.76
FENDER THOMAS, 0.00, 0.00, 0.00, 0.00, 0.00, 0.00, 0.00, 0.00
FENDER LAW GROUP* , 0.00, 0.00, 0.00, 0.00, 0.00, 0.00, 0.00, 0.00
FERRIS ROGER, 4325.52, 0.00, 0.00, 0.00, 0.00, 0.00, 0.00, 4325.52
FICKER JOHN, 6000.00, 0.00, 0.00, 3700.00, 0.00, 0.00, 0.00, 9700.00
FIELD ED, 0.00, 0.00, 0.00, 0.00, 0.00, 0.00, 0.00, 0.00
FIELD JACK, 30950.00, 3658.00, 0.00, 0.00, 0.00, 0.00, 0.00, 34608.00
FINCH CLIFTON, 0.00, 0.00, 0.00, 0.00, 0.00, 0.00, 0.00, 0.00
FIRTH MOLLY, 18000.00, 0.00, 0.00, 0.00, 0.00, 9425.88, 0.00, 27425.88
FISCHER MARY, 3023.93, 0.00, 0.00, 0.00, 0.00, 0.00, 0.00, 3023.93
FISER KRISTAL, 0.00, 0.00, 0.00, 0.00, 0.00, 0.00, 0.00, 0.00
FISHER KRISTEN, 812.50, 150.00, 0.00, 0.00, 0.00, 0.00, 0.00, 962.50
FITZGERALD NATHAN, 0.00, 0.00, 0.00, 0.00, 0.00, 0.00, 0.00, 0.00
FITZSIMMONS TOM, 46699.00, 0.00, 0.00, 0.00, 0.00, 0.00, 0.00, 46699.00
FLEM LLOYD, 11700.00, 60.00, 92.00, 0.00, 0.00, 0.00, 0.00, 11852.00
FLYGARE EHREN, 0.00, 0.00, 0.00, 0.00, 0.00, 0.00, 0.00, 0.00
FLYNN MARTIN, 0.00, 0.00, 0.00, 0.00, 0.00, 0.00, 0.00, 0.00
FORD DANIEL, 4900.45, 635.17, 0.00, 0.00, 0.00, 0.00, 0.00, 5535.62
FOROUGH ARZU, 0.00, 0.00, 0.00, 0.00, 0.00, 0.00, 0.00, 0.00
FORTESCUE JESSICA, 88700.00, 0.00, 0.00, 950.00, 37.97, 0.00, 8000.00, 97687.97
FORTIN MARTY, 148.00, 0.00, 0.00, 0.00, 0.00, 0.00, 0.00, 148.00
FOSTER DAVID, 264246.96, 0.00, 0.00, 0.00, 0.00, 0.00, 56216.00, 320462.96
FOX KELLY, 31369.85, 0.00, 35748.00, 0.00, 0.00, 0.00, 0.00, 67117.85
FOX-BAILEY JUSTIN, 507.08, 0.00, 0.00, 0.00, 0.00, 0.00, 226.00, 733.08
FRANCESCONI JAMES, 27500.00, 200.00, 0.00, 0.00, 100.00, 0.00, 0.00, 27800.00
FREECHILD AQUENE, 8569.88, 645.66, 0.00, 0.00, 13.25, 0.00, 0.00, 9228.43
FREEMAN AMY, 0.00, 0.00, 0.00, 0.00, 0.00, 0.00, 0.00, 0.00
FRIEND CHRISTOPHER, 0.00, 0.00, 0.00, 0.00, 0.00, 0.00, 0.00, 0.00
FROMHOLD MARCIA, 0.00, 0.00, 0.00, 0.00, 0.00, 0.00, 0.00, 0.00
GAETZ THOMAS, 0.00, 0.00, 0.00, 2400.00, 0.00, 0.00, 0.00, 2400.00
GAIL TORAASON MCGAFFICK INC* , 181550.00, 152.95, 0.00, 0.00, 0.00, 0.00, 0.00, 181702.95
GALLATIN PUBLIC AFFAIRS* , 143162.50, 0.00, 0.00, 3250.00, 0.00, 0.00, 13559.91, 159972.41
GANO KATHLEEN, 0.00, 0.00, 0.00, 0.00, 0.00, 0.00, 0.00, 0.00
GANO STEVE, 0.00, 0.00, 0.00, 0.00, 0.00, 0.00, 0.00, 0.00
GANO & ASSOC* , 1172475.00, 13769.10, 12926.50, 101250.00, 0.00, 0.00, 3750.00, 1304170.60
GARZA EMILIO, 345.44, 236.48, 0.00, 0.00, 0.00, 60.00, 0.00, 641.92
GATELESS HICKORY, 250.00, 141.33, 0.00, 0.00, 0.00, 0.00, 0.00, 361.33
GATH DEBORAH, 1235.00, 0.00, 0.00, 0.00, 0.00, 0.00, 0.00, 1235.00
GEE JANICE, 31230.00, 248.10, 0.00, 3000.00, 0.00, 0.00, 0.00, 34478.10
GEMPLER MICHAEL, 23748.00, 0.00, 0.00, 0.00, 0.00, 0.00, 0.00, 23748.00
GERKENSMEYER CLINT, 1158.90, 265.08, 0.00, 0.00, 0.00, 0.00, 0.00, 1423.98
GIL SYLVIA, 7048.20, 0.00, 0.00, 0.00, 0.00, 9425.88, 0.00, 16474.08
GIPSON CARL, 12000.00, 0.00, 0.00, 0.00, 0.00, 0.00, 0.00, 12000.00
GJURASIC DAVOR, 454983.60, 5998.45, 0.00, 110200.00, 2284.80, 0.00, 0.00, 573466.85
GJURASIC MARK, 0.00, 0.00, 0.00, 0.00, 0.00, 0.00, 0.00, 0.00
GLICKMAN ADAM, 12522.33, 0.00, 0.00, 229017.24, 0.00, 0.00, 110097.38, 351636.95
GLOVER GLENN, 1165.92, 400.21, 0.00, 0.00, 0.00, 0.00, 0.00, 1566.13
GO HOLLO TATSUKO, 954.54, 1253.45, 0.00, 0.00, 0.00, 0.00, 0.00, 2207.99
GOMBOSKY JEFFREY, 542366.00, 0.00, 542.24, 61200.00, 0.00, 0.00, 35000.00, 639108.24
GOMBOSKY MELISSA, 163000.00, 0.00, 0.00, 0.00, 0.00, 0.00, 0.00, 163000.00
GONION ED, 9000.00, 0.00, 0.00, 0.00, 0.00, 0.00, 0.00, 9000.00
GONZALEZ ERIC, 4295.46, 0.00, 0.00, 0.00, 0.00, 0.00, 0.00, 4295.46
GORDON W JAY, 36000.00, 0.00, 0.00, 0.00, 0.00, 0.00, 0.00, 36000.00
GORDON THOMAS HONEYWELL GOV AFFAIRS* , 1942260.58, 875.52, 8782.27, 53250.00, 0.00, 0.00, 24000.00, 2029168.37
GORDON THOMAS HONEYWELL LAW* , 42000.00, 0.00, 0.00, 0.00, 0.00, 0.00, 0.00, 42000.00
GORDON WALGREN CONSULTING SVCS* , 26461.63, 3599.74, 116.45, 0.00, 2455.78, 0.00, 0.00, 32556.20
GORTON JULIA, 46350.00, 0.00, 480.87, 0.00, 0.00, 0.00, 0.00, 46830.87
GORTON NATHAN, 67000.00, 0.00, 9082.96, 25000.00, 0.00, 0.00, 0.00, 101082.34
GOSS ELISSA, 9600.00, 0.00, 0.00, 0.00, 0.00, 0.00, 0.00, 9600.00
GOULD JON, 19500.00, 0.00, 0.00, 0.00, 0.00, 0.00, 0.00, 19500.00
GOURLEY MUNGIA INGRID, 0.00, 0.00, 0.00, 0.00, 0.00, 0.00, 0.00, 0.00
GOVERNMENT RELATIONS SERVICES* , 108348.00, 0.00, 0.00, 0.00, 0.00, 0.00, 0.00, 108348.00
GOW JAMES, 2057.86, 70.00, 0.00, 200.00, 0.00, 0.00, 0.00, 2327.86
GRAD LINDSEY, 98339.54, 7907.06, 0.00, 0.00, 0.00, 0.00, 0.00, 106246.60
GRAHAM SEAN, 79998.60, 3742.76, 80.00, 9600.00, 0.00, 0.00, 0.00, 93421.36
GRANT JONATHAN, 0.00, 0.00, 0.00, 0.00, 0.00, 0.00, 0.00, 0.00
GRANT NICOLE, 13508.88, 0.00, 0.00, 0.00, 0.00, 0.00, 0.00, 13508.88
GRASSI LORI, 58500.00, 0.00, 0.00, 3500.00, 0.00, 0.00, 0.00, 62000.00
GRAZZINI ALISON, 39224.48, 0.00, 0.00, 0.00, 0.00, 0.00, 0.00, 39224.47
GREENBERG MARK, 41250.00, 0.00, 338.68, 6650.00, 0.00, 0.00, 0.00, 48238.68
GRIFFING ALIA, 84144.00, 0.00, 265.38, 0.00, 0.00, 0.00, 0.00, 84409.38
GRIFFITH JULIE, 3136.00, 1628.87, 0.00, 0.00, 0.00, 0.00, 0.00, 4764.87
GRIST JOANNA, 1000.00, 0.00, 0.00, 0.00, 0.00, 0.00, 0.00, 1000.00
GROESCH MICHAEL, 154500.00, 0.00, 1170.98, 0.00, 0.00, 0.00, 0.00, 155670.98
GROSHONG LAURA, 15825.00, 200.00, 0.00, 0.00, 0.00, 0.00, 0.00, 16025.00
GROSS DANIEL, 2159.69, 0.00, 0.00, 0.00, 0.00, 0.00, 0.00, 2159.69
GUADNOLA JOHN, 0.00, 0.00, 0.00, 0.00, 0.00, 0.00, 0.00, 0.00
GUENTHER BOB, 15589.37, 13226.00, 36.74, 0.00, 0.00, 0.00, 0.00, 28852.11
GUEVIN TOBY, 3318.27, 795.00, 0.00, 0.00, 0.00, 0.00, 0.00, 4113.27
GUNDERSEN ROSE, 300.00, 0.00, 0.00, 0.00, 0.00, 0.00, 0.00, 300.00
GURR TOM, 19800.00, 0.00, 0.00, 0.00, 0.00, 0.00, 0.00, 19800.00
GWYTHER DAVID, 0.00, 925.00, 0.00, 0.00, 55.00, 0.00, 0.00, 965.00
H2 GOVERNMENT RELATIONS* , 449200.00, 0.00, 907.85, 0.00, 0.00, 0.00, 0.00, 450107.85
HADDOW MAC, 0.00, 0.00, 0.00, 0.00, 0.00, 0.00, 0.00, 0.00
HALL KELLY, 1402.89, 0.00, 0.00, 0.00, 0.00, 0.00, 0.00, 1402.89
HALL RYAN, 0.00, 0.00, 0.00, 0.00, 0.00, 0.00, 0.00, 0.00
HALLOCK ERICA, 1662.00, 360.00, 0.00, 0.00, 0.00, 0.00, 0.00, 2022.00
HALSAN STUART, 146385.00, 0.00, 0.00, 0.00, 230.00, 0.00, 0.00, 146845.00
HALSTROM JAMES, 199700.00, 0.00, 0.00, 0.00, 0.00, 0.00, 0.00, 199700.00
HAMLETT JEFFREY, 430.00, 403.08, 0.00, 0.00, 0.00, 0.00, 0.00, 833.08
HANEY MATTHEW, 562.88, 101.28, 0.00, 14351.32, 0.00, 0.00, 0.00, 15015.48
HANON GREG, 0.00, 0.00, 0.00, 0.00, 0.00, 0.00, 0.00, 0.00
HANSEN HEATHER, 94373.44, 0.00, 0.00, 0.00, 0.00, 0.00, 0.00, 94498.50
HANSEN MICHAEL, 0.00, 0.00, 0.00, 0.00, 0.00, 0.00, 0.00, 0.00
HANSON DAVID, 21800.04, 0.00, 0.00, 0.00, 0.00, 0.00, 0.00, 21800.04
HANSON SUZANNE, 7425.00, 163.50, 0.00, 0.00, 0.00, 0.00, 0.00, 7588.50
HARBIN JESSICA, 520.83, 0.00, 0.00, 0.00, 0.00, 0.00, 0.00, 520.83
HART KAREN, 82.16, 0.00, 0.00, 2250.00, 0.00, 0.00, 51239.53, 53571.69
HARTMAN NEIL, 28450.00, 0.00, 0.00, 0.00, 0.00, 0.00, 0.00, 28450.00
HATHEWAY ERIN, 174.75, 8.48, 0.00, 0.00, 0.00, 0.00, 0.00, 183.23
HAUGE RUSS, 365.63, 0.00, 0.00, 0.00, 0.00, 0.00, 0.00, 365.63
HAUSMAN TODD, 413.84, 519.68, 0.00, 0.00, 0.00, 0.00, 0.00, 870.94
HAZLEGROVE SCOTT, 0.00, 0.00, 0.00, 0.00, 0.00, 0.00, 0.00, 0.00
HEDMAN CHRISTIE, 3890.57, 0.00, 0.00, 0.00, 0.00, 0.00, 0.00, 4020.98
HEDRICK JAMES, 0.00, 0.00, 0.00, 0.00, 0.00, 0.00, 0.00, 0.00
HEDRICK KATHRYN, 0.00, 0.00, 0.00, 0.00, 0.00, 0.00, 0.00, 0.00
HEDSTROM STEFFANI, 660.00, 690.00, 0.00, 0.00, 0.00, 0.00, 0.00, 1350.00
HEFFELMIRE HEATHER, 2400.00, 0.00, 0.00, 0.00, 0.00, 0.00, 0.00, 2400.00
HEGLE ALISE, 0.00, 0.00, 0.00, 0.00, 0.00, 0.00, 0.00, 0.00
HELDRING MARGARET, 0.00, 0.00, 0.00, 0.00, 161.00, 0.00, 860.00, 1021.00
HELLBERG ALISON, 608.78, 0.00, 0.00, 0.00, 0.00, 0.00, 0.00, 608.78
HELLMAN JOHAN, 60000.00, 0.00, 0.00, 7875.00, 0.00, 0.00, 0.00, 67875.00
HELMS ERIC, 0.00, 0.00, 0.00, 0.00, 0.00, 0.00, 0.00, 0.00
HERMACH KRISTINA, 29155.00, 850.75, 145.69, 13250.00, 0.00, 0.00, 0.00, 43401.44
HERNANDEZ ELENA, 946.13, 517.36, 0.00, 0.00, 0.00, 0.00, 0.00, 1463.49
HERRON DEBORAH, 25750.00, 1675.00, 0.00, 36483.30, 0.00, 0.00, 0.00, 63908.30
HETRICK TAMMIE, 26300.00, 327.80, 0.00, 0.00, 0.00, 0.00, 0.00, 26627.80
HEWITT KATIE, 8587.80, 0.00, 0.00, 0.00, 0.00, 9425.88, 0.00, 18013.68
HICKS ADINA, 2000.00, 0.00, 0.00, 0.00, 0.00, 0.00, 0.00, 2000.00
HILDEBRAND SCOTT, 20460.00, 0.00, 0.00, 0.00, 0.00, 0.00, 0.00, 20560.00
HILLMAN JENNIFER, 1248.00, 410.40, 0.00, 0.00, 0.00, 0.00, 0.00, 1658.40
HIMEBAUGH JAN, 6000.00, 0.00, 13647.15, 0.00, 0.00, 0.00, 0.00, 19647.15
HINES GREGORY, 266.46, 507.30, 0.00, 17000.00, 0.00, 0.00, 0.00, 17773.76
HOFF KIMBERLY, 0.00, 0.00, 0.00, 0.00, 0.00, 0.00, 0.00, 0.00
HOFFMAN STEPHANIE, 0.00, 0.00, 0.00, 0.00, 0.00, 0.00, 0.00, 0.00
HOHMAN HAYLEY, 3304.08, 5705.11, 0.00, 0.00, 15.78, 0.00, 0.00, 9024.97
HOLDEN JON, 11926.20, 0.00, 0.00, 0.00, 0.00, 0.00, 0.00, 11926.20
HOLMSTROM CINDI, 0.00, 0.00, 0.00, 0.00, 0.00, 0.00, 0.00, 0.00
HOMANS LUCY, 56661.32, 552.10, 67.20, 0.00, 0.00, 0.00, 0.00, 57280.62
HOOKS DOUG, 3100.00, 161.35, 0.00, 10.00, 0.00, 0.00, 0.00, 3271.35
HOOVER JAMES, 7739.00, 2357.00, 0.00, 0.00, 0.00, 0.00, 488.00, 10584.00
HOPE PAUL, 1170.76, 0.00, 0.00, 0.00, 0.00, 0.00, 119.32, 1290.08
HOUCHEN LIS, 9816.00, 99.48, 0.00, 10000.00, 0.00, 0.00, 0.00, 19915.48
HOUSE TRENT, 211600.00, 0.00, 0.00, 0.00, 0.00, 0.00, 0.00, 211600.00
HOUSKEEPER BRANDON, 56187.74, 0.00, 75.81, 0.00, 0.00, 0.00, 0.00, 56263.55
HOVIND LINDSAY, 12288.00, 2839.16, 0.00, 0.00, 296.48, 0.00, 0.00, 15423.64
HOWELL ANDREA, 745.00, 0.00, 0.00, 4500.00, 0.00, 0.00, 0.00, 5245.00
HOWELL DOUG, 8700.00, 0.00, 0.00, 0.00, 0.00, 0.00, 0.00, 8700.00
HOWES MARY, 146.68, 0.00, 0.00, 0.00, 0.00, 0.00, 0.00, 146.68
HPC ADVOCACY* , 165400.12, 0.00, 0.00, 0.00, 0.00, 0.00, 0.00, 165400.12
HSIAO RAY, 80.00, 0.00, 0.00, 0.00, 0.00, 0.00, 0.00, 80.00
HUANG GRACE, 2886.59, 3583.29, 0.00, 0.00, 386.34, 0.00, 0.00, 6856.22
HULL LINDA, 0.00, 0.00, 0.00, 0.00, 0.00, 0.00, 0.00, 0.00
HUNTER PATRICIA, 1062.36, 203.40, 0.00, 0.00, 0.00, 0.00, 0.00, 1265.76
HUR ALEX, 50100.00, 0.00, 0.00, 0.00, 0.00, 0.00, 0.00, 50100.00
HUTSON MATHEW, 0.00, 0.00, 0.00, 0.00, 0.00, 0.00, 0.00, 0.00
HYATT RANDY, 0.00, 0.00, 0.00, 0.00, 0.00, 0.00, 0.00, 0.00
HYDER BENITA, 551.58, 0.00, 0.00, 0.00, 0.00, 0.00, 0.00, 551.58
HYPPOLITE SYBILL, 26139.90, 1354.77, 0.00, 0.00, 0.00, 0.00, 0.00, 27494.67
IMLER ANDREA, 1200.00, 466.00, 0.00, 0.00, 0.00, 0.00, 0.00, 1666.00
JACOY CATHERINE, 18000.00, 262.23, 0.00, 0.00, 0.00, 0.00, 0.00, 18262.23
JAGOSH PAUL, 3700.00, 0.00, 0.00, 0.00, 0.00, 0.00, 0.00, 3700.00
JAMES THOMAS, 0.00, 0.00, 0.00, 0.00, 0.00, 0.00, 0.00, 0.00
JARNOT BRITTANY, 0.00, 0.00, 0.00, 0.00, 0.00, 0.00, 0.00, 0.00
JDM CONSULTING LLC* , 250500.00, 1223.36, 0.00, 0.00, 0.00, 0.00, 0.00, 251723.36
JEAN M LEONARD* , 0.00, 0.00, 0.00, 0.00, 0.00, 0.00, 0.00, 0.00
JENNINGS-SCHAFFER JENNIFER, 9525.00, 0.00, 0.00, 0.00, 0.00, 0.00, 0.00, 9525.00
JENSEN RICHARD, 0.00, 0.00, 0.00, 0.00, 0.00, 0.00, 0.00, 0.00
JENSEN WALGREN & DOTY GOVT CONSULTING* , 163000.00, 0.00, 0.00, 0.00, 0.00, 0.00, 0.00, 163000.00
JESERNIG JIM, 0.00, 0.00, 0.00, 0.00, 0.00, 0.00, 0.00, 0.00
JOHN S CONNIFF PLLC* , 12000.00, 0.00, 0.00, 3000.00, 0.00, 0.00, 0.00, 15000.00
JOHNSON AMY, 37437.50, 0.00, 0.00, 0.00, 0.00, 0.00, 0.00, 37437.50
JOHNSON CHARLES, 250.00, 282.14, 0.00, 0.00, 0.00, 0.00, 0.00, 532.14
JOHNSON ERIC, 39988.87, 0.00, 1268.76, 0.00, 0.00, 0.00, 0.00, 41257.63
JOHNSON FREEDOM, 429.60, 76.95, 0.00, 0.00, 0.00, 0.00, 12423.04, 12929.59
JOHNSON HOLLI, 0.00, 0.00, 0.00, 0.00, 0.00, 0.00, 0.00, 0.00
JOHNSON JEFFREY, 54473.60, 0.00, 15301.45, 150.00, 0.00, 0.00, 0.00, 69925.05
JOHNSON KRISTOFER, 5479.21, 0.00, 0.00, 0.00, 0.00, 0.00, 0.00, 5479.21
JOHNSON MAREN, 0.00, 0.00, 0.00, 0.00, 0.00, 0.00, 0.00, 0.00
JOHNSON MARK, 111201.00, 2471.86, 0.00, 0.00, 0.00, 0.00, 0.00, 113942.86
JOHNSON MELISSA, 0.00, 0.00, 0.00, 0.00, 0.00, 0.00, 0.00, 0.00
JOHNSON REBECCA, 0.00, 0.00, 0.00, 0.00, 0.00, 0.00, 0.00, 0.00
JOHNSON TIMOTHY, 0.00, 0.00, 0.00, 0.00, 0.00, 0.00, 0.00, 0.00
JOHNSON ARLEDGE STRATEGIES* , 610544.00, 0.00, 0.00, 0.00, 0.00, 0.00, 41500.00, 652044.00
JONES BRIE, 0.00, 0.00, 0.00, 0.00, 0.00, 0.00, 0.00, 0.00
JONES JENE, 6999.72, 5816.29, 0.00, 0.00, 62.05, 0.00, 0.00, 12878.06
JONES PATRICK, 4000.00, 609.40, 0.00, 0.00, 0.00, 0.00, 204.60, 4814.00
JONES RICHARD, 12250.00, 0.00, 0.00, 0.00, 0.00, 0.00, 0.00, 12250.00
JORDAN KATARA, 961.27, 458.19, 0.00, 0.00, 0.00, 0.00, 0.00, 1419.46
JUDY BRIAN, 22215.94, 10253.38, 108.14, 0.00, 0.00, 0.00, 0.00, 32577.46
JUSTICE KIM, 696.20, 73.56, 0.00, 0.00, 0.00, 0.00, 0.00, 769.76
JUSTIN JAMES, 388575.00, 0.00, 425.89, 2500.00, 0.00, 0.00, 9625.00, 401125.89
JUSTIN TREVOR, 10624.78, 171.00, 0.00, 0.00, 0.00, 0.00, 0.00, 10795.78
K & L GATES* , 14564.50, 0.00, 0.00, 0.00, 0.00, 0.00, 0.00, 14564.50
KAASA CHRISTOPHER, 18142.80, 0.00, 0.00, 0.00, 0.00, 0.00, 0.00, 18142.80
KAINBER JIM, 63150.00, 1000.00, 299.00, 0.00, 30.00, 0.00, 2701.00, 67180.00
KASK MART, 0.00, 0.00, 0.00, 0.00, 0.00, 0.00, 0.00, 0.00
KASTAMA ISAAC, 17500.00, 0.00, 238.35, 0.00, 0.00, 0.00, 0.00, 17738.35
KAUSHIK SANDEEP, 0.00, 0.00, 0.00, 0.00, 0.00, 0.00, 0.00, 0.00
KEATING AARON, 2644.36, 0.00, 0.00, 0.00, 0.00, 0.00, 0.00, 2644.36
KEEGAN DENISE, 0.00, 0.00, 0.00, 0.00, 0.00, 0.00, 0.00, 0.00
KEIM BILL, 21600.00, 0.00, 0.00, 0.00, 0.00, 0.00, 0.00, 21600.00
KELLEY CASEY, 0.00, 0.00, 0.00, 0.00, 0.00, 0.00, 0.00, 0.00
KELLY JULIETTE, 36000.00, 0.00, 512.00, 0.00, 0.00, 0.00, 0.00, 36512.00
KENDO JOSEPH, 37508.40, 0.00, 181.78, 191.26, 0.00, 0.00, 0.00, 37881.44
KENNEDY ZAK, 4000.00, 0.00, 0.00, 0.00, 0.00, 0.00, 0.00, 4000.00
KENNY RYAN, 10500.00, 0.00, 0.00, 0.00, 0.00, 0.00, 0.00, 10500.00
KIDD WILLIAM, 90000.00, 0.00, 31.47, 0.00, 0.00, 0.00, 0.00, 90031.47
KILLPACK BRACKEN, 42000.00, 0.00, 0.00, 0.00, 0.00, 0.00, 0.00, 42000.00
KING CAROLINE, 5376.95, 442.50, 0.00, 0.00, 0.00, 0.00, 0.00, 5819.45
KING JAMES, 20750.00, 0.00, 0.00, 0.00, 297.77, 0.00, 0.00, 21047.77
KLUMP AMANDA, 12000.00, 3701.70, 0.00, 0.00, 0.00, 0.00, 212401.06, 228102.76
KNAPP JONATHAN, 281.56, 0.00, 0.00, 0.00, 0.00, 0.00, 0.00, 281.56
KNUE TIMOTHY, 0.00, 1545.94, 0.00, 0.00, 1882.87, 0.00, 0.00, 3428.81
KNUTSON DAVE, 232500.00, 566.63, 0.00, 0.00, 0.00, 0.00, 0.00, 233066.63
KOHL TERRY, 53244.04, 8223.30, 0.00, 0.00, 0.00, 0.00, 0.00, 61467.34
KOLAN KATHRYN, 79500.00, 0.00, 0.00, 0.00, 0.00, 0.00, 0.00, 79500.00
KOSKEY ROBIN, 829.26, 779.13, 2250.00, 0.00, 0.00, 0.00, 0.00, 3858.39
KOSTER JOHN, 6000.00, 912.91, 0.00, 0.00, 0.00, 0.00, 0.00, 6912.91
KOUNTS JOHN, 5940.00, 0.00, 0.00, 0.00, 0.00, 0.00, 0.00, 5940.00
KRAFT ELAINE, 0.00, 0.00, 0.00, 0.00, 0.00, 0.00, 0.00, 0.00
KRATZER CHRISTOPHER, 759.00, 0.00, 0.00, 0.00, 0.00, 0.00, 0.00, 759.00
KREBS JUDITH, 301.38, 0.00, 0.00, 0.00, 0.00, 0.00, 0.00, 301.38
KREGER BRIAN, 1400.00, 0.00, 0.00, 0.00, 0.00, 0.00, 0.00, 1400.00
KREGER BEEGHLY PLLC* , 7037.50, 0.00, 0.00, 0.00, 0.00, 0.00, 0.00, 7037.50
KROHN HERB, 52000.00, 0.00, 0.00, 500.00, 0.00, 0.00, 0.00, 52500.00
KUECK MEGAN, 614.25, 1874.38, 0.00, 0.00, 0.00, 0.00, 0.00, 2488.63
KWIATKOWSKI SARAH, 4301.31, 0.00, 0.00, 0.00, 0.00, 0.00, 0.00, 4301.31
KWIECIAK THOMAS, 119850.00, 425.67, 0.00, 125.00, 0.00, 0.00, 0.00, 120400.67
LABUWI MICHELLE, 370.00, 0.00, 0.00, 0.00, 0.00, 0.00, 0.00, 370.00
LADWIG DARCI, 217.73, 1110.54, 0.00, 0.00, 0.00, 0.00, 0.00, 1328.27
LAIB SUE, 332.25, 0.00, 0.00, 0.00, 0.00, 0.00, 0.00, 332.25
LAING COLLEEN, 22080.00, 1473.74, 0.00, 0.00, 0.00, 0.00, 0.00, 23553.74
LANE CLAIRE, 0.00, 0.00, 0.00, 0.00, 0.00, 0.00, 0.00, 0.00
LANE JOHN, 62.50, 10.00, 0.00, 0.00, 0.00, 0.00, 0.00, 72.50
LANGE BRIAN, 0.00, 1175.53, 0.00, 0.00, 0.00, 0.00, 0.00, 1175.53
LANHAM LINDA, 0.00, 0.00, 0.00, 5700.00, 0.00, 0.00, 0.00, 5700.00
LAUBACHER CYNTHIA, 19578.66, 1278.20, 0.00, 0.00, 0.00, 0.00, 0.00, 20856.86
LAWRENCE HANSCOM JENNIFER, 10245.00, 0.00, 0.00, 5000.00, 11186.00, 0.00, 0.00, 26431.00
LAWSON DENNIS, 0.00, 0.00, 0.00, 0.00, 0.00, 0.00, 0.00, 0.00
LAYTON TIM, 24683.00, 0.00, 0.00, 25300.00, 0.00, 0.00, 0.00, 49983.00
LEAHY STEVEN, 2410.00, 309.06, 0.00, 0.00, 0.00, 0.00, 0.00, 2739.06
LEE ANNE, 1257.97, 743.28, 0.00, 0.00, 0.00, 0.00, 0.00, 2001.24
LEE MELISSA, 1147.03, 0.00, 0.00, 0.00, 0.00, 0.00, 0.00, 1147.03
LEE TONY, 10725.00, 0.00, 0.00, 0.00, 0.00, 0.00, 0.00, 10725.00
LEGAZ GINA, 156.00, 0.00, 0.00, 0.00, 0.00, 0.00, 0.00, 156.00
LEHMANN WALTRAUT, 9931.98, 1860.29, 0.00, 0.00, 0.00, 0.00, 0.00, 11792.27
LEONARD JEAN, 0.00, 0.00, 0.00, 0.00, 0.00, 0.00, 0.00, 0.00
LEVY DOUGLAS, 0.00, 0.00, 0.00, 0.00, 0.00, 0.00, 0.00, 0.00
LEWIS AMBER, 0.00, 0.00, 0.00, 0.00, 0.00, 0.00, 0.00, 0.00
LEWIS SHAWN, 59439.33, 1318.70, 128.45, 387.62, 0.00, 0.00, 6303.76, 67577.86
LEYRER SARAH, 610.10, 0.00, 0.00, 0.00, 0.00, 0.00, 0.00, 610.10
LINCOLN FAYE, 68199.00, 5595.21, 0.00, 0.00, 0.00, 0.00, 0.00, 73794.21
LINCOLN VICTORIA, 4793.99, 0.00, 0.00, 0.00, 0.00, 0.00, 0.00, 4793.99
LINDAHL ZACHARY, 4500.00, 0.00, 0.00, 0.00, 0.00, 0.00, 0.00, 4500.00
LINDEKUGEL BEN, 0.00, 0.00, 0.00, 0.00, 0.00, 0.00, 0.00, 0.00
LINDQUIST PHILIP, 1870.90, 0.00, 0.00, 0.00, 0.00, 0.00, 0.00, 1870.90
LINDSAY ELIZABETH, 5175.00, 758.48, 0.00, 0.00, 0.00, 0.00, 0.00, 5933.48
LINDSAY JOHANNA, 2710.46, 170.84, 0.00, 0.00, 0.00, 0.00, 0.00, 2881.30
LINDSTROM STEPHEN, 0.00, 0.00, 0.00, 0.00, 0.00, 0.00, 0.00, 0.00
LIPPOLD LAURA, 0.00, 0.00, 0.00, 72.00, 19.80, 0.00, 0.00, 91.80
LITTLE DEDI, 60833.30, 0.00, 0.00, 0.00, 0.00, 0.00, 0.00, 60833.30
LLOYD GWEN, 142.10, 0.00, 0.00, 0.00, 0.00, 0.00, 0.00, 142.10
LMH INC* , 353100.00, 0.00, 0.00, 0.00, 0.00, 0.00, 0.00, 353100.00
LOESCH MARTIN, 0.00, 0.00, 0.00, 0.00, 0.00, 0.00, 0.00, 0.00
LOGINSKY PAMELA, 5385.44, 0.00, 0.00, 0.00, 0.00, 0.00, 0.00, 5385.44
LOGUE CAROLYN, 227148.00, 1345.63, 0.00, 0.00, 0.00, 0.00, 0.00, 228493.63
LOHNES ERIC, 5687.50, 0.00, 0.00, 0.00, 0.00, 0.00, 0.00, 5687.50
LONG NOAH, 0.00, 0.00, 0.00, 0.00, 0.00, 0.00, 0.00, 0.00
LOPEZ KENT, 43100.00, 0.00, 2075.66, 0.00, 0.00, 0.00, 0.00, 45175.66
LORD DAVID, 16353.70, 2747.78, 0.00, 0.00, 0.00, 0.00, 0.00, 19101.48
LUDDEN KIRK, 0.00, 0.00, 0.00, 0.00, 0.00, 0.00, 0.00, 0.00
LUND JAMI, 4558.14, 0.00, 0.00, 0.00, 0.00, 0.00, 0.00, 4558.14
LYNE WILLIAM, 114.58, 674.38, 0.00, 0.00, 0.00, 0.00, 0.00, 788.96
M J DURKAN INC* , 462615.56, 2335.01, 0.00, 0.00, 0.00, 0.00, 0.00, 464850.33
MACCAUL CATHLEEN, 8112.00, 235.00, 0.00, 0.00, 0.00, 49725.00, 0.00, 58072.00
MACFARLANE LISA, 108.18, 0.00, 0.00, 0.00, 0.00, 0.00, 0.00, 108.18
MACK EDEN, 0.00, 0.00, 0.00, 0.00, 0.00, 0.00, 0.00, 0.00
MACKENZIE RENA, 0.00, 0.00, 0.00, 0.00, 0.00, 0.00, 0.00, 0.00
MADSEN HILLARY, 3117.35, 0.00, 0.00, 0.00, 0.00, 0.00, 0.00, 3117.35
MAEL RODNEY, 0.00, 0.00, 0.00, 0.00, 0.00, 0.00, 0.00, 0.00
MAGNANO ALLY, 0.00, 0.00, 0.00, 0.00, 0.00, 0.00, 0.00, 0.00
MAHER DENNIS, 0.00, 0.00, 0.00, 0.00, 0.00, 0.00, 0.00, 0.00
MAHER RENEE, 33250.00, 0.00, 0.00, 1900.00, 0.00, 0.00, 0.00, 35150.00
MAIER ROY, 0.00, 0.00, 0.00, 20.00, 0.00, 0.00, 289.38, 309.38
MAIN RONALD, 261500.00, 0.00, 0.00, 6200.00, 0.00, 0.00, 0.00, 267700.00
MAKIN ROBERT, 0.00, 0.00, 0.00, 0.00, 0.00, 0.00, 0.00, 0.00
MALONE DAVE, 0.00, 0.00, 0.00, 0.00, 0.00, 0.00, 0.00, 0.00
MALONEY KELLY, 21666.68, 0.00, 0.00, 0.00, 0.00, 0.00, 0.00, 21666.68
MANN MICHAEL, 22800.00, 0.00, 0.00, 0.00, 0.00, 0.00, 0.00, 22800.00
MANNING JAY, 0.00, 0.00, 0.00, 0.00, 0.00, 0.00, 0.00, 0.00
MARGESON SARAH, 42.03, 67.96, 0.00, 0.00, 0.00, 0.00, 0.00, 109.99
MARIE SULLIVAN PUBLIC AFFAIRS* , 66800.00, 2176.46, 0.00, 0.00, 0.00, 0.00, 0.00, 68976.46
MARKLEY GREG, 4356.93, 0.00, 1620.00, 0.00, 0.00, 0.00, 0.00, 5976.93
MARR CHRIS, 208000.00, 5149.76, 0.00, 0.00, 371.60, 0.00, 733.33, 214254.38
MARTIN JORDAN, 9300.00, 8250.00, 0.00, 0.00, 0.00, 0.00, 0.00, 17550.00
MARTIN TIMOTHY, 31152.00, 0.00, 504.97, 2450.00, 0.00, 0.00, 0.00, 34106.97
MARTIN FLYNN PUBLIC AFFAIRS INC* , 282000.00, 319.86, 279.99, 0.00, 0.00, 0.00, 0.00, 282599.85
MASSE CHRISTINE, 0.00, 0.00, 0.00, 0.00, 0.00, 0.00, 0.00, 0.00
MASTIN J DAVID, 0.00, 0.00, 0.00, 0.00, 0.00, 0.00, 0.00, 0.00
MATSON TRENT, 30000.00, 0.00, 0.00, 0.00, 0.00, 0.00, 0.00, 30000.00
MATTEUCCI JAMES, 19000.00, 0.00, 0.00, 5000.00, 0.00, 0.00, 0.00, 24000.00
MCBRIDE THOMAS, 14094.95, 0.00, 0.00, 0.00, 0.00, 0.00, 0.00, 14274.95
MCBRIDE PUBLIC AFFAIRS LLC* , 733965.60, 6134.00, 10026.92, 14200.00, 141.95, 0.00, 73500.00, 837968.47
MCBROOM MO, 13800.00, 0.00, 0.00, 0.00, 0.00, 0.00, 0.00, 13800.00
MCCABE CHRISTIAN, 26097.92, 0.00, 0.00, 0.00, 0.00, 0.00, 0.00, 26097.92
MCCAUSLAND JENNIFER, 13000.00, 0.00, 0.00, 0.00, 0.00, 0.00, 0.00, 13000.00
MCCLAIN CHRIS, 12732.48, 0.00, 0.00, 0.00, 0.00, 0.00, 0.00, 12732.48
MCCLURE GREGORY, 4519.50, 0.00, 0.00, 0.00, 0.00, 0.00, 0.00, 4519.50
MCCOMB LEN, 417857.16, 13596.88, 0.00, 0.00, 0.00, 0.00, 0.00, 431454.04
MCCOY JOHN, 4900.00, 691.56, 0.00, 0.00, 0.00, 0.00, 0.00, 5591.56
MCDAID-O'NEILL TRISH, 0.00, 0.00, 582.08, 0.00, 0.00, 0.00, 0.00, 582.08
MCDONALD JOSH, 36000.00, 0.00, 800.00, 5873.99, 0.00, 0.00, 0.00, 42670.99
MCELDERRY ROBERT, 0.00, 0.00, 0.00, 0.00, 0.00, 0.00, 0.00, 0.00
MCGAFFICK GAIL TORAASON, 0.00, 0.00, 0.00, 0.00, 0.00, 0.00, 0.00, 0.00
MCGIFFERT ELIZABETH, 0.00, 0.00, 0.00, 0.00, 0.00, 0.00, 0.00, 0.00
MCGRADY DAN, 66500.00, 0.00, 200.00, 111623.42, 0.00, 0.00, 0.00, 178323.42
MCGRATH ANNE, 0.00, 0.00, 0.00, 0.00, 0.00, 0.00, 0.00, 0.00
MCHALE MARY, 1079.48, 0.00, 0.00, 0.00, 0.00, 0.00, 0.00, 1079.48
MCKAGUE JEANETTE, 45000.00, 0.00, 0.00, 0.00, 0.00, 0.00, 0.00, 45000.00
MCKINLEY-CAMP TONI, 2500.00, 0.00, 0.00, 0.00, 0.00, 0.00, 0.00, 2500.00
MCLEAN BRIAN, 454.20, 33.93, 0.00, 0.00, 0.00, 0.00, 0.00, 488.16
MCMAHAN JAMES, 21013.29, 0.00, 0.00, 0.00, 0.00, 0.00, 0.00, 21013.29
MCMURRAN LEWIS, 9000.00, 368.33, 8.00, 0.00, 0.00, 0.00, 0.00, 9376.33
MCSHERRY WILLIAM, 56666.00, 1056.70, 81.68, 0.00, 0.00, 0.00, 0.00, 57804.38
MEAD KIMBERLEE, 3966.32, 0.00, 0.00, 1275.76, 0.00, 215.10, 5007.92, 10465.10
MEEKS TRACEY, 0.00, 0.00, 0.00, 0.00, 0.00, 0.00, 0.00, 0.00
MELANIE STEWART & ASSOC LLC* , 407782.00, 0.00, 0.00, 0.00, 0.00, 0.00, 33900.00, 441682.00
MELE SUELLEN, 4502.69, 39.50, 0.00, 0.00, 0.00, 0.00, 303.29, 4845.48
MERLIN ADVOCATES LLC* , 37500.00, 1700.00, 0.00, 0.00, 0.00, 0.00, 0.00, 39200.00
MERRILL LAURA, 5204.37, 0.00, 0.00, 0.00, 0.00, 0.00, 0.00, 5204.37
MICHAL KRISTEN, 0.00, 0.00, 0.00, 0.00, 0.00, 0.00, 0.00, 0.00
MICHENER DAVID, 0.00, 0.00, 0.00, 0.00, 0.00, 0.00, 0.00, 0.00
MIKSCH BENJAMIN, 86.49, 0.00, 0.00, 0.00, 0.00, 0.00, 0.00, 86.49
MILES NATE, 18000.00, 10406.30, 0.00, 55500.00, 0.00, 0.00, 0.00, 83906.30
MILLENNIA PUBLIC AFFAIRS INC* , 623299.88, 0.00, 0.00, 28350.00, 0.00, 0.00, 42900.00, 694549.88
MILLER ADRIAN, 2700.00, 0.00, 0.00, 3750.00, 0.00, 0.00, 0.00, 6450.00
MILLER ASH, 0.00, 0.00, 0.00, 0.00, 0.00, 0.00, 0.00, 0.00
MILLER STEPHEN, 402.75, 66.71, 0.00, 1999.12, 0.00, 0.00, 3189.27, 5657.85
MILLER MALONE & TELLEFSON PS* , 472124.07, 0.00, 91.36, 4950.00, 0.00, 0.00, 12000.00, 489165.43
MILLER NASH GRAHAM & DUNN LLP* , 141000.00, 0.00, 0.00, 0.00, 0.00, 0.00, 0.00, 141000.00
MINICKIELLO MARK, 36000.00, 0.00, 0.00, 0.00, 0.00, 0.00, 0.00, 36000.00
MINNICH BRIAN, 9000.00, 0.00, 0.00, 0.00, 0.00, 10969.55, 0.00, 19969.55
MITCHELL ROBERT, 52700.00, 0.00, 0.00, 0.00, 0.00, 0.00, 0.00, 52700.00
MIURA TAKETO, 0.00, 0.00, 0.00, 0.00, 0.00, 0.00, 0.00, 0.00
MIZRAHI JOSEPH, 1400.00, 0.00, 0.00, 0.00, 0.00, 0.00, 0.00, 1400.00
MJB CONSULTING* , 232481.27, 0.00, 0.00, 0.00, 0.00, 0.00, 0.00, 232481.27
MOATS EDWIN, 13058.17, 0.00, 0.00, 0.00, 0.00, 0.00, 0.00, 13058.17
MOODY RICHARD, 42.00, 22.90, 0.00, 0.00, 0.00, 0.00, 0.00, 64.90
MOONEY SHELBY, 0.00, 0.00, 0.00, 0.00, 0.00, 0.00, 0.00, 0.00
MOORE ABBY, 0.00, 0.00, 0.00, 0.00, 0.00, 0.00, 0.00, 0.00
MORAN MICHAEL, 52000.00, 0.00, 0.00, 0.00, 0.00, 0.00, 0.00, 52000.00
MOREHOUSE LANCE, 567.94, 306.33, 0.00, 0.00, 0.00, 0.00, 0.00, 874.27
MORRIS CAREY, 115100.21, 0.00, 0.00, 0.00, 0.00, 0.00, 0.00, 115100.21
MORSE KEN, 0.00, 0.00, 0.00, 0.00, 0.00, 0.00, 0.00, 0.00
MOSELEY DAVID, 30000.00, 0.00, 0.00, 0.00, 0.00, 0.00, 0.00, 30000.00
MOSQUEDA TERESA, 33978.00, 0.00, 262.50, 1000.00, 0.00, 0.00, 0.00, 35240.50
MULLIN STEPHEN, 13470.00, 0.00, 4068.61, 0.00, 0.00, 0.00, 0.00, 17538.61
MUNGUIA DEBORA, 20950.00, 731.67, 200.00, 250.00, 0.00, 0.00, 0.00, 22131.67
MURAHASHI CATHERINE, 30.24, 0.00, 0.00, 0.00, 0.00, 0.00, 0.00, 30.24
MURPHY DEBORAH, 22587.87, 0.00, 0.00, 0.00, 0.00, 0.00, 61190.29, 83778.16
MURPHY EMILY, 0.00, 0.00, 0.00, 0.00, 0.00, 0.00, 0.00, 0.00
MURPHY LAURA, 0.00, 0.00, 0.00, 0.00, 0.00, 0.00, 0.00, 0.00
NARAYAN SHANKAR, 87996.00, 0.00, 133.76, 0.00, 0.00, 486.43, 5874.85, 94491.04
NASMAN LINNEA, 2085.18, 413.44, 534.79, 0.00, 361.49, 0.00, 0.00, 3394.90
NAVIGATION GROUP LLP* , 75000.00, 0.00, 0.00, 0.00, 0.00, 0.00, 0.00, 75000.00
NEAS BRUCE, 10118.00, 0.00, 0.00, 0.00, 0.00, 0.00, 0.00, 10118.00
NELSEN MAXFORD, 5177.79, 0.00, 0.00, 0.00, 0.00, 0.00, 0.00, 5177.79
NELSON CARL, 18500.00, 73.76, 0.00, 0.00, 0.00, 0.00, 0.00, 18573.76
NELSON DOUGLAS, 70225.72, 5937.02, 360.41, 850.00, 0.00, 0.00, 0.00, 77373.15
NELSON GRANT, 261000.00, 0.00, 0.00, 0.00, 0.00, 0.00, 0.00, 261000.00
NELSON MICHAEL, 0.00, 0.00, 0.00, 322000.00, 0.00, 0.00, 55667.33, 377667.33
NELSON SCOTT, 0.00, 0.00, 0.00, 0.00, 0.00, 0.00, 0.00, 0.00
NELSON SHERI, 76375.14, 0.00, 0.00, 0.00, 0.00, 0.00, 0.00, 76375.14
NELSON THOMAS, 0.00, 0.00, 0.00, 0.00, 0.00, 0.00, 0.00, 0.00
NESTERENKO DMYTRO, 2075.23, 0.00, 0.00, 0.00, 0.00, 0.00, 0.00, 2075.23
NEWGENT LEE, 70212.00, 0.00, 235.00, 435.00, 0.00, 0.00, 0.00, 70882.00
NEWMAN TRACY, 0.00, 0.00, 0.00, 0.00, 0.00, 0.00, 0.00, 0.00
NEXUS GROUP* , 189100.00, 0.00, 0.00, 0.00, 0.00, 0.00, 0.00, 189100.00
NICHOLAS ANDREW, 2343.90, 948.21, 0.00, 0.00, 0.00, 0.00, 0.00, 3292.11
NOE NANCY, 8790.00, 2739.00, 0.00, 1000.00, 0.00, 0.00, 0.00, 12529.00
NONEMACHER DARCY, 3503.15, 2658.31, 0.00, 0.00, 0.00, 0.00, 0.00, 6161.46
NORTHWEST POLICY GROUP* , 11700.00, 0.00, 0.00, 0.00, 0.00, 0.00, 0.00, 11700.00
NOTHNAGLE DARCY, 1404.41, 155.11, 4797.30, 0.00, 0.00, 0.00, 0.00, 6356.82
NYGARD JUSTIN, 0.00, 0.00, 0.00, 0.00, 0.00, 0.00, 0.00, 0.00
O'BRIEN MICHAEL, 0.00, 0.00, 0.00, 0.00, 0.00, 0.00, 0.00, 0.00
O'KEEFE GERALD, 25666.68, 0.00, 0.00, 0.00, 0.00, 0.00, 0.00, 25666.68
O'NEILL KEVIN, 914.00, 580.60, 0.00, 0.00, 0.00, 0.00, 0.00, 1494.60
O'SULLIVAN SEAN, 0.00, 0.00, 0.00, 0.00, 0.00, 0.00, 0.00, 0.00
ODELL NINA, 27962.00, 1434.72, 0.00, 0.00, 0.00, 0.00, 0.00, 29396.72
OKAZAKI MARK, 2031.30, 238.88, 0.00, 0.00, 0.00, 0.00, 0.00, 2270.18
OLIVERI VINCE, 51000.00, 0.00, 0.00, 0.00, 0.00, 0.00, 0.00, 51000.00
OLSON JOHN, 4500.00, 0.00, 0.00, 0.00, 0.00, 0.00, 0.00, 4500.00
OLYMPIA CONSULTING LLC* , 7000.00, 0.00, 0.00, 0.00, 0.00, 0.00, 0.00, 7000.00
ONDRACEK KATRINA, 9199.35, 374.03, 0.00, 0.00, 0.00, 0.00, 0.00, 9573.38
OOMMEN MARC, 8120.00, 717.03, 0.00, 0.00, 0.00, 0.00, 0.00, 8837.03
ORDWAY FRANK, 17767.50, 7605.00, 0.00, 0.00, 0.00, 0.00, 0.00, 25372.50
ORVELLA CHELSEA, 12432.00, 0.00, 0.00, 0.00, 0.00, 0.00, 29707.00, 42139.00
OUTCOMES BY LEVY LLC* , 469660.00, 20094.47, 1781.54, 0.00, 0.00, 0.00, 30044.76, 521580.77
OVERSTREET STEPHEN H G, 30000.00, 0.00, 0.00, 0.00, 0.00, 0.00, 0.00, 30000.00
OYSTER BAY PUBLIC AFFAIRS* , 252386.00, 0.00, 151.38, 0.00, 0.00, 0.00, 0.00, 252537.38
PACIFIC NW REGIONAL STRATEGIES LLC* , 12100.00, 0.00, 64.00, 0.00, 0.00, 0.00, 0.00, 12164.00
PAM CRONE LEGISLATIVE CONSULTING SVCS* , 125359.32, 0.00, 833.50, 0.00, 0.00, 0.00, 41200.00, 167392.82
PARIKH SEJAL, 113.24, 0.00, 0.00, 0.00, 156.00, 0.00, 0.00, 269.24
PARK SHARON, 220.00, 0.00, 0.00, 0.00, 0.00, 0.00, 0.00, 220.00
PARKER THOMAS, 556482.04, 0.00, 0.00, 0.00, 0.00, 0.00, 4000.00, 560482.04
PATRICK DUNN & ASSOCIATES LTD* , 89000.00, 0.00, 249.20, 13200.00, 0.00, 0.00, 0.00, 103449.20
PAUL DANIEL, 1804.93, 987.77, 0.00, 0.00, 0.00, 0.00, 0.00, 2792.70
PAULEY MICHAEL, 7500.00, 1024.20, 0.00, 0.00, 136.18, 0.00, 0.00, 8660.38
PECK KRAIG, 4368.99, 0.00, 0.00, 0.00, 0.00, 0.00, 60.96, 4429.95
PERNA ROBERT, 2262.30, 158.00, 0.00, 0.00, 0.00, 0.00, 0.00, 2420.30
PERRICK THOMAS, 7213.12, 0.00, 0.00, 0.00, 0.00, 0.00, 0.00, 7213.12
PETERSEN SUZANNE, 10823.00, 0.00, 2075.56, 0.00, 0.00, 0.00, 0.00, 12898.56
PETERSON SUSAN, 0.00, 0.00, 0.00, 0.00, 0.00, 0.00, 0.00, 0.00
PETRIE SEAMUS, 1862.98, 61.65, 0.00, 0.00, 0.00, 0.00, 0.00, 1924.63
PETRO DOUGLAS, 55.37, 0.00, 1849.53, 0.00, 0.00, 1800.00, 497.26, 4202.16
PFINGST LORI, 568.16, 453.69, 0.00, 0.00, 0.00, 0.00, 0.00, 1021.85
PHIL WATKINS PUBLIC AFFAIRS INC* , 69000.00, 490.73, 45.66, 0.00, 0.00, 0.00, 0.00, 69536.39
PHILLIPS LEE, 907.00, 0.00, 0.00, 0.00, 0.00, 0.00, 0.00, 907.00
PHILLIPS SUZANNE, 500.00, 0.00, 0.00, 0.00, 0.00, 0.00, 0.00, 500.00
PIAZZA ANNE, 710.00, 0.00, 985.00, 0.00, 0.00, 0.00, 0.00, 1695.00
PICKARD SEAN, 6000.00, 0.00, 0.00, 0.00, 0.00, 0.00, 0.00, 6000.00
PIERCE LAURA, 1875.00, 217.26, 0.00, 0.00, 0.00, 0.00, 0.00, 2092.26
PIERCE CONSULTING SVCS LLC* , 504700.00, 3985.20, 2675.02, 29500.00, 0.00, 0.00, 16400.00, 557260.22
PIERSON TOM, 0.00, 0.00, 0.00, 0.00, 0.00, 0.00, 0.00, 0.00
PLACK SCOTT, 8650.00, 1818.34, 0.00, 500.00, 0.00, 0.00, 0.00, 10968.34
PLAUCHE SAMUEL, 0.00, 0.00, 0.00, 0.00, 0.00, 0.00, 0.00, 0.00
PLAUCHE & CARR LLP* , 165.29, 74.75, 0.00, 0.00, 0.00, 0.00, 0.00, 240.04
POLICY SOLUTIONS* , 0.00, 0.00, 0.00, 0.00, 0.00, 0.00, 0.00, 0.00
POTTS JAMES, 40405.00, 0.00, 0.00, 0.00, 0.00, 0.00, 0.00, 40405.00
POWELL DAVID, 1361.00, 0.00, 0.00, 0.00, 0.00, 0.00, 0.00, 1361.00
PRASAD SHIRLEY, 7048.20, 0.00, 0.00, 0.00, 0.00, 9425.88, 0.00, 16474.08
PREVO DWIGHT, 0.00, 0.00, 0.00, 0.00, 0.00, 0.00, 0.00, 0.00
PRICCO RYAN, 22763.39, 2793.23, 0.00, 0.00, 0.00, 0.00, 0.00, 25556.62
PRINCIPLED SOLUTIONS* , 160000.00, 0.00, 0.00, 0.00, 0.00, 0.00, 0.00, 160000.00
PROVINCE LORI, 0.00, 0.00, 0.00, 91.26, 0.00, 0.00, 0.00, 91.26
PUBLIC AFFAIRS OF WA LLC* , 217923.75, 31878.52, 1461.55, 0.00, 0.00, 0.00, 0.00, 251263.52
PURKEY KRYSTELLE, 18000.00, 0.00, 0.00, 0.00, 0.00, 0.00, 0.00, 18000.00
PURSLEY LARRY, 36000.04, 0.00, 0.00, 0.00, 0.00, 0.00, 0.00, 35000.04
PUTLER J BRIAN, 0.00, 0.00, 0.00, 0.00, 0.00, 0.00, 0.00, 0.00
QUACKENBUSH TARA, 10103.85, 0.00, 0.00, 2504.00, 0.00, 0.00, 23378.68, 35986.53
RADER-KONOFALSKI WENDY, 43673.72, 2570.13, 140.33, 0.00, 0.00, 0.00, 984.57, 47368.75
RALSTON ALAN, 0.00, 0.00, 0.00, 0.00, 0.00, 0.00, 0.00, 0.00
RAY JANET, 745.00, 169.80, 0.00, 0.00, 0.00, 0.00, 0.00, 914.80
RAY RANDALL, 0.00, 0.00, 0.00, 0.00, 0.00, 0.00, 0.00, 0.00
READING TACY, 12652.99, 44.24, 0.00, 0.00, 0.00, 0.00, 0.00, 12697.23
REANDEAU NOAH, 0.00, 0.00, 0.00, 0.00, 0.00, 0.00, 0.00, 0.00
REAVES LEE, 89754.00, 17929.33, 2578.54, 0.00, 0.00, 0.00, 0.00, 110260.87
REESE SHIRLEY, 50285.59, 0.00, 0.00, 0.00, 0.00, 0.00, 0.00, 50285.59
REEVES MICHELLE, 1800.00, 0.00, 0.00, 0.00, 0.00, 0.00, 0.00, 1800.00
REGAN JAMES, 12566.92, 3535.87, 75.29, 19065.45, 0.00, 587402.58, 94032.90, 716679.01
REIDY ERIN, 9999.96, 0.00, 0.00, 0.00, 0.00, 9425.88, 0.00, 19425.84
REILLY GERALD, 54500.00, 0.00, 0.00, 0.00, 0.00, 0.00, 0.00, 54500.00
REISNER DALE, 60.00, 0.00, 0.00, 0.00, 0.00, 0.00, 0.00, 60.00
RICHARDS G SCOTT, 109000.00, 2324.18, 0.00, 0.00, 0.00, 0.00, 0.00, 111324.18
RIFE BRITTON, 2400.00, 0.00, 0.00, 0.00, 0.00, 0.00, 0.00, 2400.00
ROB MAKIN CONSULTING* , 438000.00, 3179.31, 5091.13, 145427.80, 0.00, 0.00, 72000.00, 663698.24
ROBERSON MARQUISE, 2234.00, 466.93, 0.00, 0.00, 0.00, 0.00, 0.00, 2700.93
ROBINSON STEVE, 70500.00, 0.00, 3000.00, 0.00, 0.00, 0.00, 0.00, 73500.00
RODRIGUEZ HORACIO, 0.00, 0.00, 0.00, 0.00, 0.00, 0.00, 0.00, 0.00
ROSE ELAINE, 447.60, 138.00, 0.00, 0.00, 0.00, 0.00, 0.00, 585.60
ROTHLIN JOHN, 145978.62, 7019.23, 3066.86, 22850.00, 0.00, 0.00, 0.00, 178914.71
ROWE GARY, 7752.00, 0.00, 0.00, 0.00, 0.00, 0.00, 0.00, 7752.00
ROWLAND JAMES, 203447.50, 0.00, 0.00, 0.00, 0.00, 0.00, 61752.50, 264200.00
RYAN KATHARINE, 30946.00, 566.83, 0.00, 0.00, 0.00, 0.00, 0.00, 31512.83
RYHERD MAJKEN, 0.00, 0.00, 0.00, 0.00, 0.00, 0.00, 0.00, 0.00
SAL GOVT SERVICES* , 26000.00, 0.00, 0.00, 0.00, 0.00, 0.00, 0.00, 26000.00
SALVI JULIE, 36416.91, 1312.95, 0.00, 609.96, 0.00, 0.00, 1387.77, 39727.59
SALZMAN ASHLYN, 1637.30, 1249.38, 0.00, 0.00, 0.00, 0.00, 0.00, 1004.38
SAMPSON GEORGE, 0.00, 0.00, 0.00, 0.00, 0.00, 0.00, 0.00, 0.00
SAMPSONDUNLAP LLP* , 0.00, 0.00, 0.00, 0.00, 0.00, 0.00, 0.00, 0.00
SANDERS CLAUDIA, 3875.69, 798.81, 0.00, 1750.00, 0.00, 0.00, 0.00, 6424.50
SANDERS KIM, 910.68, 2176.30, 0.00, 0.00, 0.00, 0.00, 0.00, 3086.98
SANTKUYL LIESL, 0.00, 0.00, 0.00, 0.00, 0.00, 0.00, 0.00, 0.00
SAPIRO NANCY, 46100.00, 0.00, 0.00, 0.00, 0.00, 0.00, 0.00, 33900.00
SAUER CASSIE, 12900.00, 4744.24, 2423.49, 78000.00, 0.00, 10500.00, 47722.00, 156289.73
SCHAEFER BEVERLY, 217.10, 0.00, 0.00, 0.00, 0.00, 0.00, 0.00, 217.10
SCHAUB G S DUKE, 0.00, 0.00, 0.00, 0.00, 0.00, 0.00, 0.00, 0.00
SCHELLBERG TIMOTHY, 0.00, 0.00, 0.00, 0.00, 0.00, 0.00, 0.00, 0.00
SCHLATTER JOHN, 30000.00, 0.00, 510.79, 450.00, 0.00, 0.00, 0.00, 30960.79
SCHMITT ANDREA, 375.81, 0.00, 0.00, 0.00, 0.00, 0.00, 0.00, 375.81
SCHOCK EILEEN, 1817.01, 634.11, 0.00, 0.00, 0.00, 0.00, 0.00, 2451.12
SCHRADER MEGAN, 33617.53, 1757.80, 274.13, 0.00, 0.00, 0.00, 0.00, 35649.46
SCHROEDER CARL, 1508.57, 0.00, 0.00, 0.00, 0.00, 0.00, 0.00, 1508.57
SCHURKE JUDY, 0.00, 0.00, 0.00, 0.00, 0.00, 0.00, 0.00, 0.00
SCHUTZLER MICHAEL, 36800.00, 10353.45, 1227.82, 0.00, 0.00, 0.00, 81.96, 48462.96
SCHWARTZ ANDREW, 8330.20, 2775.34, 0.00, 0.00, 0.00, 0.00, 0.00, 11105.54
SCHWISOW MICHAEL, 121449.96, 0.00, 400.00, 0.00, 0.00, 0.00, 0.00, 121849.96
SCLATER NANCY, 0.00, 0.00, 0.00, 0.00, 0.00, 0.00, 0.00, 0.00
SCOTT KIMBERLY, 18830.00, 0.00, 0.00, 0.00, 0.00, 0.00, 0.00, 18830.00
SCOTT RANDY, 34400.80, 0.00, 0.00, 500.00, 0.00, 0.00, 0.00, 34900.80
SCOTT WILLIAM, 14000.00, 407.16, 0.00, 0.00, 0.00, 0.00, 0.00, 14407.16
SEFFERNICK AUBREY, 0.00, 0.00, 0.00, 0.00, 0.00, 0.00, 0.00, 0.00
SEIB JONATHAN, 0.00, 0.00, 0.00, 0.00, 0.00, 0.00, 0.00, 0.00
SEIB PATRICIA, 0.00, 0.00, 0.00, 0.00, 0.00, 0.00, 0.00, 0.00
SEIB POLICY & PUBLIC AFFAIRS* , 101600.00, 8709.69, 0.00, 0.00, 0.00, 0.00, 54400.00, 160109.69
SEIDEL NOAH, 2000.00, 0.00, 0.00, 0.00, 500.00, 0.00, 0.00, 2500.00
SELLS JILL, 1302.79, 0.00, 0.00, 0.00, 0.00, 0.00, 0.00, 1302.79
SENTER WAYNE, 25380.00, 0.00, 0.00, 0.00, 0.00, 0.00, 0.00, 25380.00
SEPPI BRIAN, 160.00, 0.00, 0.00, 0.00, 0.00, 0.00, 0.00, 160.00
SHAFFER JOHN, 0.00, 0.00, 0.00, 0.00, 0.00, 0.00, 0.00, 0.00
SHANNON LARRY, 115000.00, 11146.35, 0.00, 0.00, 0.00, 0.00, 0.00, 127296.35
SHAW MICHAEL, 407013.33, 0.00, 0.00, 0.00, 0.00, 0.00, 0.00, 407013.33
SHEA MCCANN ERIN, 3054.55, 1243.84, 0.00, 0.00, 0.00, 0.00, 0.00, 4298.39
SHEFFELS EVAN, 40000.00, 0.00, 0.00, 0.00, 0.00, 0.00, 0.00, 40000.00
SHEPARD JEB, 20143.71, 0.00, 0.00, 0.00, 0.00, 0.00, 0.00, 20143.71
SHJERVEN RUSSELL, 15329.67, 0.00, 0.00, 0.00, 0.00, 0.00, 0.00, 15329.67
SHOEMAKE JAMES, 50531.25, 934.62, 0.00, 0.00, 0.00, 0.00, 0.00, 51465.87
SHOEMAKER DELEE, 36000.00, 8275.35, 0.00, 142000.00, 0.00, 0.00, 0.00, 186275.35
SIGER STEVEN, 0.00, 0.00, 0.00, 0.00, 0.00, 0.00, 0.00, 0.00
SIGMON SCOTT, 313825.00, 3066.35, 0.00, 0.00, 0.00, 0.00, 0.00, 316891.35
SIMMONS ERIN, 0.00, 0.00, 0.00, 0.00, 0.00, 0.00, 0.00, 0.00
SIMPSON GEOFF, 32266.54, 0.00, 0.00, 0.00, 0.00, 0.00, 0.00, 32266.54
SIMPSON STEPHANIE, 1000.00, 0.00, 0.00, 0.00, 0.00, 0.00, 0.00, 1000.00
SINCLAIR RENEE, 1568.78, 0.00, 2850.00, 0.00, 0.00, 0.00, 0.00, 4418.48
SIZEMORE BUD, 11249.00, 0.00, 0.00, 0.00, 0.00, 0.00, 0.00, 11249.00
SKOGMAN JAMES, 10000.00, 0.00, 0.00, 0.00, 0.00, 0.00, 0.00, 10000.00
SLOVER GEORGE, 687.42, 0.00, 0.00, 0.00, 0.00, 0.00, 0.00, 687.42
SMITH ELISABETH, 607.15, 0.00, 0.00, 0.00, 0.00, 0.00, 0.00, 607.15
SMITH GARY, 12000.00, 0.00, 0.00, 100.00, 0.00, 0.00, 0.00, 12100.00
SMITH GLEN, 25600.00, 0.00, 0.00, 0.00, 0.00, 0.00, 0.00, 25600.00
SMITH KELLI, 130.46, 334.00, 0.00, 0.00, 0.00, 0.00, 0.00, 464.46
SMITH MELANIE, 107700.00, 0.00, 0.00, 0.00, 0.00, 0.00, 0.00, 107700.00
SMITH ROBERT, 0.00, 0.00, 0.00, 0.00, 0.00, 0.00, 0.00, 0.00
SOLDANO ALEX, 0.00, 0.00, 0.00, 0.00, 0.00, 0.00, 0.00, 0.00
SOLECKI MARY, 190.00, 335.55, 0.00, 0.00, 0.00, 0.00, 0.00, 525.55
SOLWICK ANNE, 0.00, 0.00, 0.00, 0.00, 0.00, 0.00, 0.00, 0.00
SORENSEN MELVIN, 0.00, 0.00, 0.00, 0.00, 0.00, 0.00, 0.00, 0.00
SORRIN LEONARD, 8258.25, 89.22, 0.00, 156370.00, 0.00, 0.00, 16540.00, 181257.47
SORSCHER STAN, 5600.00, 0.00, 0.00, 0.00, 0.00, 0.00, 0.00, 5600.00
SOUND VIEW STRATEGIES LLC* , 31293.00, 0.00, 0.00, 0.00, 0.00, 0.00, 15087.97, 46380.97
SPEIGHT BRUCE, 583.30, 0.00, 0.00, 0.00, 0.00, 0.00, 0.00, 583.30
SPENCER KENNETH, 363.00, 0.00, 0.00, 0.00, 0.00, 0.00, 0.00, 363.00
SPENCER RUSS, 0.00, 0.00, 0.00, 28500.00, 0.00, 0.00, 0.00, 28500.00
SPILLER J RYAN, 0.00, 0.00, 0.00, 0.00, 0.00, 0.00, 0.00, 0.00
SPRAGUE K COLLINS, 12000.00, 4020.94, 186.48, 950.00, 0.00, 17650.00, 13449.71, 48257.13
ST OURS LAURI, 10653.00, 0.00, 2692.51, 0.00, 0.00, 1000.00, 251.30, 14596.81
STADDEN DIANA, 3600.00, 0.00, 0.00, 0.00, 750.00, 0.00, 0.00, 4350.00
STANLEY ZOSIA, 1353.31, 72.39, 0.00, 350.00, 0.00, 0.00, 0.00, 1775.70
STAUFFACHER BILL, 0.00, 0.00, 0.00, 0.00, 0.00, 0.00, 0.00, 0.00
STAUFFACHER COMMUNICATIONS* , 712789.96, 4612.21, 4225.55, 68900.00, 0.00, 0.00, 0.00, 790527.72
STEBBINS ERNEST, 603.00, 0.00, 0.00, 200.00, 73012.01, 145900.42, 0.00, 219715.43
STECHER DONALD, 13100.00, 9904.86, 394.82, 0.00, 0.00, 0.00, 0.00, 23399.68
STEELE DANIEL, 32670.00, 0.00, 0.00, 0.00, 0.00, 0.00, 0.00, 32670.00
STEPHEN JANE, 0.00, 0.00, 0.00, 0.00, 0.00, 0.00, 0.00, 0.00
STEPHENS JOLINDA, 643.00, 559.00, 0.00, 0.00, 327.00, 0.00, 0.00, 1529.00
STEVENS LAWRENCE, 114851.77, 0.00, 0.00, 0.00, 0.00, 0.00, 0.00, 114851.77
STEVENS LOUIS (STEVE), 0.00, 240.00, 0.00, 0.00, 0.00, 0.00, 0.00, 240.00
STEVENSON KRAIG, 11324.46, 3562.78, 44.61, 125.00, 39.50, 0.00, 0.00, 15096.35
STEWART CHERYL, 4614.00, 0.00, 0.00, 0.00, 0.00, 0.00, 0.00, 4614.00
STEWART MELANIE, 0.00, 0.00, 0.00, 0.00, 0.00, 0.00, 0.00, 0.00
STEWART SARA, 35500.00, 0.00, 0.00, 0.00, 0.00, 0.00, 0.00, 35500.00
STOLL JENNIFER, 588.00, 12.00, 0.00, 4000.00, 0.00, 0.00, 0.00, 4600.00
STOLZ RICHARD, 1295.00, 0.00, 0.00, 0.00, 0.00, 0.00, 0.00, 1295.00
STRANNIGAN GARY, 36000.00, 0.00, 48.00, 16220.00, 0.00, 0.00, 0.00, 52220.00
STRATEGIES 360* , 738864.00, 224.36, 0.00, 0.00, 0.00, 0.00, 0.00, 739088.36
STREGE NEIL, 27000.00, 0.00, 248.88, 0.00, 0.00, 0.00, 0.00, 27248.88
STRICKLAND KAREN, 459.28, 593.96, 0.00, 0.00, 0.00, 0.00, 0.00, 1053.24
STROM ERIK, 60000.00, 558.58, 0.00, 750.00, 0.00, 0.00, 54000.00, 115308.58
STROTHER KELLI, 0.00, 0.00, 0.00, 0.00, 0.00, 0.00, 0.00, 0.00
STROW CHRIS, 135000.00, 0.00, 0.00, 13800.00, 0.00, 0.00, 0.00, 148800.00
STRUYK WILLIAM, 46800.00, 0.00, 0.00, 0.00, 0.00, 0.00, 0.00, 46800.00
STUHLMILLER JOHN, 24000.00, 0.00, 0.00, 0.00, 0.00, 0.00, 0.00, 24000.00
SULLIVAN EILEEN, 292.30, 0.00, 0.00, 18397.81, 0.00, 0.00, 0.00, 18690.11
SULLIVAN MARIE, 0.00, 0.00, 0.00, 0.00, 0.00, 0.00, 0.00, 0.00
SWANSON JOSHUA, 79022.33, 0.00, 430.00, 8900.00, 0.00, 0.00, 225.00, 88577.33
SWARTHOUT SANDI, 0.00, 0.00, 0.00, 0.00, 0.00, 0.00, 0.00, 0.00
SWARTLEY DAVID, 207.52, 286.15, 0.00, 5350.00, 0.00, 0.00, 0.00, 5843.67
SWECKER DANIEL, 47100.00, 0.00, 0.00, 360.00, 0.00, 0.00, 0.00, 47460.00
SWINDELL JEROME, 0.00, 0.00, 0.00, 0.00, 0.00, 0.00, 0.00, 0.00
T K BENTLER/PUBLIC AFFAIRS ASSOC* , 605450.08, 15564.91, 4156.37, 1500.00, 0.00, 0.00, 0.00, 626616.36
TALLMAN SHEELA, 5599.46, 0.00, 0.00, 0.00, 0.00, 0.00, 0.00, 5599.46
TAMAYO MURRAY JOSEPHINE, 2502.41, 0.00, 0.00, 0.00, 0.00, 0.00, 0.00, 2502.41
TAYLOR BRIAHNA, 0.00, 0.00, 0.00, 0.00, 0.00, 0.00, 0.00, 0.00
TAYLOR MARCIE, 260.00, 0.00, 0.00, 0.00, 470.00, 0.00, 0.00, 730.00
TEAGUE JAN, 0.00, 0.00, 0.00, 0.00, 0.00, 0.00, 0.00, 0.00
TEFFT KRISTOPHER, 42100.00, 0.00, 0.00, 950.00, 0.00, 0.00, 0.00, 43050.00
TELLEFSON CARRIE, 0.00, 0.00, 0.00, 0.00, 0.00, 0.00, 0.00, 0.00
TEMPLE MICHAEL, 273000.00, 12596.32, 55.00, 0.00, 0.00, 0.00, 0.00, 285651.32
TENNEY PATTI, 12000.00, 0.00, 0.00, 0.00, 0.00, 0.00, 0.00, 12000.00
TERWILLEGER KAREN, 6400.00, 9.00, 0.00, 10.00, 0.00, 0.00, 0.00, 6419.00
THATCHER LISA, 782964.63, 8909.22, 316.57, 4150.00, 0.00, 0.00, 0.00, 796340.42
THE TSB GROUP* , 356700.00, 6974.46, 932.15, 25000.00, 0.00, 0.00, 0.00, 389606.61
THEOFELIS JAMES, 23627.64, 2241.00, 39.50, 0.00, 0.00, 0.00, 11329.03, 37237.17
THOMAS MICHELE, 6636.62, 540.25, 0.00, 2475.00, 3528.46, 0.00, 12272.50, 25452.83
THOMPSON ADRIENNE, 50700.00, 0.00, 0.00, 0.00, 0.00, 0.00, 0.00, 50700.00
THOMPSON COLLEEN, 398.75, 0.00, 1327.10, 0.00, 138.46, 0.00, 0.00, 1864.31
THOMPSON J PAT, 22163.45, 0.00, 0.00, 0.00, 0.00, 0.00, 0.00, 22163.45
THOMPSON JAMES, 19124.39, 0.00, 0.00, 0.00, 0.00, 0.00, 0.00, 19124.39
THOMPSON ROWLAND, 72000.00, 2526.97, 1836.86, 0.00, 0.00, 0.00, 0.00, 76364.02
THOMPSON TIMOTHY, 1000.00, 0.00, 0.00, 0.00, 0.00, 0.00, 0.00, 1000.00
THOMPSON CONSULTING GROUP* , 5000.00, 0.00, 0.00, 0.00, 0.00, 0.00, 0.00, 5000.00
THOMS ROBERT, 0.00, 0.00, 0.00, 0.00, 0.00, 0.00, 0.00, 0.00
TIBBS CHRIS, 0.00, 0.00, 0.00, 0.00, 0.00, 0.00, 0.00, 0.00
TIBERIO ARMAND, 0.00, 0.00, 0.00, 169.54, 0.00, 0.00, 847.70, 1017.24
TILTON TERRY, 42000.00, 0.00, 0.00, 0.00, 0.00, 0.00, 230.00, 42230.00
TINNEY KATIE, 0.00, 0.00, 0.00, 0.00, 0.00, 0.00, 0.00, 0.00
TODD LANI, 51357.34, 5278.74, 86.32, 66638.88, 889.98, 3800.00, 33152.76, 161204.02
TORRES TERESITA, 0.00, 0.00, 0.00, 0.00, 0.00, 0.00, 0.00, 0.00
TOWER BRADLEY, 0.00, 0.00, 0.00, 0.00, 0.00, 0.00, 0.00, 0.00
TOWER LTD* , 279348.00, 8232.82, 273.42, 0.00, 0.00, 0.00, 0.00, 287840.24
TRACY LAURA, 13500.00, 0.00, 0.00, 0.00, 0.00, 0.00, 0.00, 13500.00
TRACY SUSAN, 219195.84, 0.00, 339.89, 0.00, 0.00, 0.00, 0.00, 219536.06
TRAISMAN CLIFFORD, 0.00, 0.00, 0.00, 0.00, 0.00, 0.00, 0.00, 0.00
TRANSUE MICHAEL, 182380.00, 3231.23, 609.82, 16875.00, 0.00, 0.00, 0.00, 185864.82
TRASK BLAKE, 10486.63, 1066.65, 137.20, 0.00, 0.00, 0.00, 0.00, 11690.48
TRASK TED, 0.00, 0.00, 0.00, 0.00, 0.00, 0.00, 0.00, 0.00
TRETWOLD JERRY, 0.00, 0.00, 97.65, 0.00, 0.00, 0.00, 0.00, 97.65
TRUE JACQUELINE, 0.00, 0.00, 0.00, 0.00, 0.00, 0.00, 0.00, 0.00
TRUPIN CASEY, 1082.00, 136.00, 0.00, 0.00, 0.00, 0.00, 0.00, 1218.00
TRUPIN REMY, 1607.48, 413.30, 0.00, 0.00, 0.00, 0.00, 0.00, 2020.78
TULL ANDREA, 24000.00, 0.00, 0.00, 0.00, 0.00, 0.00, 0.00, 24000.00
TURNER JESSIE, 0.00, 0.00, 0.00, 0.00, 0.00, 0.00, 0.00, 0.00
ULANE DAVID, 168.12, 467.68, 0.00, 0.00, 0.00, 0.00, 0.00, 635.78
ULVENES AMBER, 108700.00, 1657.49, 0.00, 450.00, 0.00, 0.00, 0.00, 110807.49
UMAN JESSE, 46164.00, 2824.43, 0.00, 0.00, 0.00, 0.00, 472.85, 49461.28
VALDEZ JAIMES, 834.94, 314.53, 0.00, 0.00, 0.00, 0.00, 0.00, 1149.47
VALERIANO LAURIE, 9240.00, 4084.39, 0.00, 0.00, 0.00, 0.00, 0.00, 13324.39
VAN CLEVE MARY, 2017.38, 139.15, 0.00, 0.00, 0.00, 0.00, 0.00, 2156.53
VAN NATTA KATHRYN, 2293.06, 0.00, 0.00, 0.00, 0.00, 0.00, 0.00, 2293.06
VANCE CHRIS, 25000.00, 0.00, 0.00, 0.00, 0.00, 0.00, 0.00, 25000.00
VANDEHEY JEREMY, 4500.00, 0.00, 0.00, 0.00, 0.00, 0.00, 0.00, 4500.00
VANDER STOEP J, 0.00, 0.00, 0.00, 0.00, 0.00, 0.00, 0.00, 0.00
VANDER VEEN LINCOLN, 4500.00, 371.91, 0.00, 0.00, 0.00, 0.00, 0.00, 4871.91
VANDERWOOD JERRY, 27499.92, 0.00, 2313.77, 47316.97, 0.00, 0.00, 81102.01, 158332.67
VARON JANET, 4000.00, 0.00, 0.00, 0.00, 0.00, 0.00, 0.00, 4000.00
VELORIA VELMA, 8680.00, 0.00, 0.00, 0.00, 0.00, 0.00, 0.00, 8680.00
VENA BRANDI, 11390.12, 0.00, 0.00, 0.00, 0.00, 0.00, 0.00, 11390.12
VILLANUEVA HEATHER, 794.30, 0.00, 0.00, 0.00, 0.00, 0.00, 0.00, 794.30
VISKOVICH STEPHANIE, 0.00, 0.00, 0.00, 0.00, 0.00, 0.00, 0.00, 0.00
VOGEL DAVID, 2074.00, 0.00, 0.00, 0.00, 0.00, 0.00, 0.00, 2074.00
VYVYAN DAWN, 181308.95, 1903.05, 0.00, 0.00, 0.00, 0.00, 0.00, 183212.00
WA MEDIA SVCS INC* , 6305.67, 0.00, 0.00, 0.00, 0.00, 0.00, 0.00, 6305.67
WA RESTAURANT ASSN , 0.00, 0.00, 0.00, 0.00, 0.00, 0.00, 0.00, 0.00
WA ST NURSES ASSN , 10400.00, 0.00, 0.00, 0.00, 0.00, 0.00, 0.00, 10400.00
WALGREN GORDON, 0.00, 0.00, 0.00, 0.00, 0.00, 0.00, 0.00, 0.00
WALKER EMERALD, 18375.65, 475.67, 0.00, 0.00, 0.00, 0.00, 0.00, 18887.92
WALKER TOM, 80682.00, 17514.75, 0.00, 0.00, 0.00, 0.00, 0.00, 98196.75
WALLACE BILLY, 18638.95, 0.00, 230.00, 0.00, 0.00, 0.00, 0.00, 18868.95
WALTERS EMILY, 775.25, 0.00, 0.00, 9029.37, 0.00, 0.00, 33172.16, 42976.78
WARBROUCK RICHARD, 0.00, 0.00, 0.00, 0.00, 0.00, 0.00, 0.00, 0.00
WARNKE JEFF, 9000.00, 0.00, 0.00, 0.00, 0.00, 0.00, 0.00, 9000.00
WARNKE TAMARA, 94950.00, 0.00, 0.00, 0.00, 0.00, 0.00, 0.00, 94950.00
WARREN DAVID, 38500.00, 0.00, 104.00, 0.00, 0.00, 0.00, 0.00, 38604.00
WASHINGTON 2 ADVOCATES* , 62292.00, 0.00, 0.00, 0.00, 0.00, 0.00, 0.00, 62292.00
WATKINS MARILYN, 3386.74, 1650.27, 0.00, 0.00, 0.00, 0.00, 0.00, 5037.01
WATKINS PHIL, 0.00, 0.00, 0.00, 0.00, 0.00, 0.00, 0.00, 0.00
WAYPOINT CONSULTING GROUP* , 390250.00, 687.42, 0.00, 0.00, 0.00, 0.00, 22000.00, 412937.42
WAYT PHILLIP, 10500.00, 0.00, 0.00, 0.00, 0.00, 0.00, 0.00, 10500.00
WEAVER RHONDA, 48000.00, 0.00, 0.00, 113836.35, 0.00, 0.00, 0.00, 161836.35
WEBSTER CLIFFORD, 0.00, 0.00, 0.00, 0.00, 0.00, 0.00, 0.00, 0.00
WEISS JOSH, 8043.12, 0.00, 0.00, 0.00, 0.00, 0.00, 0.00, 8043.12
WELCH MIKE, 0.00, 0.00, 0.00, 0.00, 0.00, 0.00, 0.00, 0.00
WELLS LAURA, 6216.67, 3362.67, 0.00, 0.00, 0.00, 0.00, 0.00, 9579.34
WERSCHKUL MISHA, 29845.79, 0.00, 0.00, 0.00, 0.00, 0.00, 0.00, 29845.79
WEST ARTHUR, 0.00, 25.05, 0.00, 7.96, 16.36, 0.00, 30.00, 79.37
WESTBERG DAVID, 14470.30, 1814.44, 0.00, 0.00, 0.00, 0.00, 0.00, 16284.74
WESTSOUND STRATEGIC PARTNERS LLC* , 0.00, 0.00, 0.00, 0.00, 0.00, 0.00, 0.00, 0.00
WHEELER SHAUNIE, 19050.00, 0.00, 0.00, 0.00, 0.00, 0.00, 0.00, 19050.00
WHITE MICHAEL, 32649.98, 0.00, 0.00, 0.00, 0.00, 0.00, 0.00, 32649.98
WHITE RICHARD, 27860.00, 146.64, 306.65, 0.00, 0.00, 0.00, 28.04, 28341.33
WHITE TUDOR KATHERINE, 0.00, 0.00, 0.00, 0.00, 0.00, 0.00, 0.00, 0.00
WHITE TUDOR LLC* , 112010.00, 601.90, 0.00, 0.00, 0.00, 0.00, 3.00, 110111.90
WHITEAKER CHELENE, 1726.90, 881.10, 0.00, 0.00, 0.00, 0.00, 0.00, 2608.00
WHITING SAM, 3134.59, 21.00, 0.00, 0.00, 109.28, 0.00, 4235.24, 7500.11
WHITNEY TERRY, 56685.00, 1736.48, 0.00, 0.00, 0.00, 0.00, 0.00, 58421.48
WICKMAN RICK, 125199.96, 235.55, 0.00, 0.00, 0.00, 0.00, 1249.64, 126685.15
WIEST BRENDA, 97995.47, 118.12, 0.00, 31650.00, 81.24, 0.00, 20099.96, 149944.79
WIGGINS KRISTIN, 375.00, 0.00, 0.00, 0.00, 0.00, 0.00, 0.00, 375.00
WILLIAMS DAVID, 1330.27, 0.00, 12322.14, 0.00, 0.00, 0.00, 0.00, 13652.41
WILLIAMS TONY, 0.00, 0.00, 0.00, 0.00, 0.00, 0.00, 0.00, 0.00
WILLMS JOYCE, 0.00, 0.00, 0.00, 0.00, 0.00, 0.00, 0.00, 0.00
WILLMS MICHELE, 14549.04, 0.00, 0.00, 0.00, 0.00, 0.00, 0.00, 14549.04
WILSON D J, 0.00, 0.00, 0.00, 0.00, 0.00, 0.00, 0.00, 0.00
WILSON RICHARD, 0.00, 0.00, 0.00, 0.00, 0.00, 1544.20, 0.00, 1544.20
WILSON STRATEGIC COMMUNICATIONS* , 85162.50, 0.00, 0.00, 0.00, 0.00, 0.00, 0.00, 85162.50
WILSON-CODEGA LILY, 87094.84, 0.00, 270.02, 14150.00, 0.00, 0.00, 0.00, 101514.05
WISHART BRUCE, 84482.00, 0.00, 0.00, 0.00, 0.00, 0.00, 0.00, 84482.00
WOLDT ALICE, 744.00, 0.00, 0.00, 156.72, 0.00, 0.00, 0.00, 900.72
WOLFE ANGELA, 0.00, 0.00, 0.00, 0.00, 0.00, 0.00, 0.00, 0.00
WONG CHRISTINA, 8049.93, 2727.92, 0.00, 0.00, 270.04, 0.00, 2592.63, 13640.52
WOOD DAN, 36000.00, 0.00, 1492.60, 0.00, 0.00, 0.00, 0.00, 37492.60
WOOD RICH, 0.00, 0.00, 0.00, 282.87, 0.00, 0.00, 10146.87, 10429.74
WOODRING KYLE, 52256.64, 1105.00, 0.00, 0.00, 0.00, 0.00, 0.00, 53361.64
WRIGHT-PETTIBONE AUSTIN, 13230.00, 600.00, 0.00, 0.00, 0.00, 0.00, 0.00, 13830.00
YADON BRYCE, 10216.73, 0.00, 0.00, 0.00, 0.00, 0.00, 0.00, 10216.73
YALOWITZ ADAM, 420.00, 438.20, 0.00, 0.00, 0.00, 0.00, 0.00, 858.20
YANCEY FREDERICK, 0.00, 0.00, 0.00, 0.00, 0.00, 0.00, 0.00, 0.00
YANDLE ANITA, 16000.00, 0.00, 0.00, 0.00, 0.00, 0.00, 0.00, 16000.00
YOUMANS DAN, 18750.00, 300.00, 0.00, 0.00, 0.00, 0.00, 0.00, 19050.00
YOUNG LUCINDA, 48584.47, 1674.32, 0.00, 1217.05, 0.00, 0.00, 166.12, 51641.96
YUAN GRACE, 0.00, 0.00, 0.00, 0.00, 0.00, 0.00, 0.00, 0.00
ZAJAC THEA, 795.00, 492.00, 0.00, 0.00, 0.00, 0.00, 0.00, 1287.00
ZEHNDER CYNTHIA, 0.00, 0.00, 0.00, 0.00, 0.00, 0.00, 0.00, 0.00
ZIEGLER JENNIFER, 309014.00, 0.00, 0.00, 0.00, 0.00, 0.00, 0.00, 309014.00
ZUKOSKI ROBIN, 4252.20, 0.00, 0.00, 0.00, 0.00, 0.00, 0.00, 4252.20
ZUVICH MATT, 84144.00, 0.00, 207.41, 50.00, 0.00, 0.00, 0.00, 84401.41
ZVARA SYDNEY, 18000.00, 1052.92, 0.00, 0.00, 0.00, 0.00, 0.00, 19052.92
