WEBCODES,POLITICIAN,DISTRICT,OFFICE,POSITION,PARTY,DECLARED,MONEY,DONATIONS,CUCKOLD
QkFSVEUgIDAxMg,BARTON EDWARD J,01,STATE SENATOR,&nbsp;,R,5996.0,5996.0,37,41.277518345563706
Q09EQUEgIDE1NQ,CODAY ARTHUR C JR,01,STATE SENATOR,&nbsp;,R,0.00,0.0,0,null
TUNBVVIgIDAxMQ,MCAULIFFE ROSEMARY A,01,STATE SENATOR,&nbsp;,D,65547.26,66033.32,102,83.98790186530071
TU9TQ0wyIDA0Mw,MOSCOSO LUIS S,01,STATE SENATOR,&nbsp;,D,83598.19,60564.97,180,92.1770455760153
V0lSVE0gIDA0MQ,WIRTH MINDIE L,01,STATE SENATOR,&nbsp;,R,72122.34,71797.34,114,77.53629869853117
UEFMVUcyIDA3Mg,PALUMBO GUY F,01,STATE SENATOR,&nbsp;,D,94288.79,94288.79000000001,158,90.78597784529846
U1RBTkQgIDA0MQ,STANFORD DEREK C,01,STATE REPRESENTATIVE,01,D,72842.00,72832.0,139,68.28317223198594
U1VHSUsgIDA0Mw,SUGIYAMA KAZUAKI,01,STATE REPRESENTATIVE,01,D,0.00,0.0,0,null
VEhBTk4gIDAxMg,THANNISCH NEIL L,01,STATE REPRESENTATIVE,01,R,2701.00,3451.0,16,39.119095914227756
VFJBVkIgIDEzMw,TRAVIS BRIAN M,01,STATE REPRESENTATIVE,01,R,1192.00,786.0,4,15.776081424936386
Q0FSTE4gIDAxMQ,CARLSON NICHOLAS A,01,STATE REPRESENTATIVE,02,D,0.00,0.0,0,null
S0xPQlMgIDAzMw,KLOBA SHELLEY A,01,STATE REPRESENTATIVE,02,D,47980.87,48689.979999999996,164,90.98997370711592
TEFOR0ogIDI5Ng,LANGSTON JAMES E,01,STATE REPRESENTATIVE,02,R,40995.08,40995.08,84,25.368897926287737
TU9SRUEgIDAxMQ,MOREAU-COOK AARON J,01,STATE REPRESENTATIVE,02,D,0.00,0.0,0,null
UkFVTkQgIDA0MQ,RAUNIYAR DARSHAN,01,STATE REPRESENTATIVE,02,D,37001.00,37000.0,164,50.472972972972975
V1JJR0sgIDA0Mw,WRIGHT KYOKO M,01,STATE REPRESENTATIVE,02,D,13497.48,9963.96,62,80.84135223344936
QkVDS1IgIDMyOA,BECKER RANDI L,02,STATE SENATOR,&nbsp;,R,144365.00,144365.0,262,97.49939389741282
Qk9SUlQgIDU5Nw,BORRELLI TAMBORINE M,02,STATE SENATOR,&nbsp;,D,11873.00,11823.0,74,36.07375454622346
UkFTTU0gIDMyOA,RASMUSSEN MARILYN J,02,STATE SENATOR,&nbsp;,D,7402.46,7402.46,10,5.53869929726064
QkFSS0EgIDUxMw,BARKIS ANDREW K,02,STATE REPRESENTATIVE,01,R,70377.55,69828.72,198,84.08574580774214
SFVOVEcgIDM2MA,HUNT GRAHAM R,02,STATE REPRESENTATIVE,01,R,17980.28,18080.28,83,79.17620744811475
UElWRUEgIDM3Mw,PIVETTA HOFFMAN AMY R,02,STATE REPRESENTATIVE,01,O,36900.33,34361.67,104,88.24367383773838
RE9XTk4gIDM3NQ,DOWNES NATHANIEL S,02,STATE REPRESENTATIVE,02,D,994.33,994.3299999999999,7,42.74234911950761
TUFZTkQgIDM3NQ,MAYNES DEREK E,02,STATE REPRESENTATIVE,02,D,200.00,200.0,2,50.0
V0lMQ0ogIDU1OA,WILCOX JAMES T III,02,STATE REPRESENTATIVE,02,R,179902.82,175303.12999999954,479,96.09200360541195
QVBLRUogIDAyMQ,APKER JAMES R,03,STATE SENATOR,&nbsp;,L,0.0,0.0,0,null
QklMTEEgIDIwMw,BILLIG ANDREW S,03,STATE SENATOR,&nbsp;,D,132639.66,126712.32,342,84.38563827100631
R0VPUkUgIDIwNw,GEORGEN ERIN B,03,STATE SENATOR,&nbsp;,D,0.00,0.0,0,null
TUNHTFIgIDIxMA,MCGLENN RANDY J II,03,STATE REPRESENTATIVE,01,L,1038.34,1038.34,10,77.04605427894523
UklDQ00gIDIxMA,RICCELLI MARCUS M,03,STATE REPRESENTATIVE,01,D,90220.50,89220.5,296,84.1465806625159
Q0FSREwgIDIwNw,CARDER LAURA D,03,STATE REPRESENTATIVE,02,R,0.00,0.0,0,null
T1JNU1QgIDIxMA,ORMSBY TIMM S,03,STATE REPRESENTATIVE,02,D,81237.04,69575.98999999999,94,85.84281732821913
REVMQVAgIDIwNw,DELANEY PAUL A,03,STATE REPRESENTATIVE,02,L,0.00,0.0,0,null
UEFERE0gIDIxNg,PADDEN MICHAEL J,04,STATE SENATOR,&nbsp;,R,126312.14,106050.0,213,95.7048561999057
TUNDQVIgIDAzNw,MCCASLIN ROBERT B,04,STATE REPRESENTATIVE,01,R,24357.58,21181.0,55,92.06364194325103
U0hFQU0gIDIyOA,SHEA MATTHEW T,04,STATE REPRESENTATIVE,01,R,73575.87,72880.72,356,79.5148566040511
U1RVQ1MgIDAyMQ,STUCKER SCOTT V,04,STATE REPRESENTATIVE,01,D,695.00,765.0,3,32.6797385620915
TUFHRUMyIDAyNw,MAGENDANZ CHAD L,05,STATE SENATOR,&nbsp;,R,209720.11000000002,176668.32,414,79.47208644990795
TVVMTE0gIDAyNw,MULLET MARK D,05,STATE SENATOR,&nbsp;,D,245337.72,244095.44,431,76.3410410288697
SElDS0UgIDAyNw,HICKS ESSIE S,05,STATE REPRESENTATIVE,01,D,1163.00,1513.0,19,46.26569729015201
UklUQ0ogIDAyNw,RITCHIE JASON,05,STATE REPRESENTATIVE,01,D,81632.45,81632.45,287,57.20151728877426
QlVSTkQgIDAxNA,BURNER DARCY G,05,STATE REPRESENTATIVE,02,D,84126.94,84126.94000000005,506,78.56370385039561
R1JBVlAgIDAyNA,GRAVES PAUL S,05,STATE REPRESENTATIVE,02,R,123085.27,123085.27,314,80.87888989478594
TEFSU00gIDA2NQ,LARSON MATTHEW R,05,STATE REPRESENTATIVE,02,D,111584.52,107184.52,174,64.31805637605132
Uk9ETkogIDA2NQ,RODNE JAY R,05,STATE REPRESENTATIVE,U,R,71341.00,71341.0,129,93.67684781542171
Q0FOVFMgIDIyMw,CANTY SAMUEL M,06,STATE REPRESENTATIVE,01,R,2565.00,2565.0,13,93.56725146198829
RklFTEkgIDIyOA,FIELD IAN A,06,STATE REPRESENTATIVE,01,R,74214.00,74214.0,310,77.37623628964886
UEFSS0sgIDIwMQ,PARKER KEVIN C,06,STATE REPRESENTATIVE,01,R,18705.51,18705.510000000002,23,96.79238898057311
UEZVTkIgIDIyNA,PFUNDT BARRY W,06,STATE REPRESENTATIVE,01,NO,0.00,0.0,0,null
VkVIUkwgIDIyMw,VEHRS LYNNETTE K,06,STATE REPRESENTATIVE,01,D,31458.43,31458.43,222,66.10374389313135
Vk9MWkogIDIyOA,VOLZ JAMES M,06,STATE REPRESENTATIVE,01,R,19105.00,19105.0,77,78.7228474221408
SE9MWUogIDAwNA,HOLY JEFFREY M,06,STATE REPRESENTATIVE,02,R,38107.37,37400.0,64,94.91978609625669
TElDSFMgIDIwOQ,LICHTY SHARLENE A,06,STATE REPRESENTATIVE,02,D,11740.98,11675.0,78,79.14346895074947
U0hPUlMgIDEwMQ,SHORT SHELLY A,07,STATE REPRESENTATIVE,01,R,72665.76,80567.76,125,95.41657854208681
Rk9TVE0gIDE1Ng,FOSTER MICHAEL B,07,STATE REPRESENTATIVE,02,L,3474.74,3474.74,4,0.0
S1JFVEogIDg0MQ,KRETZ JOEL A,07,STATE REPRESENTATIVE,02,R,76549.89,87942.76,128,97.19390203355
Q09PUFIgIDMzNg,COOPER RYAN K,08,STATE REPRESENTATIVE,01,L,0.00,0.0,0,null
SkFOU1IgIDM1Mg,JANSONS RICHARD S,08,STATE REPRESENTATIVE,01,R,16585.44,16585.440000000002,8,16.580808226974984
S0xJUEIgIDMzNg,KLIPPERT BRADLEY A,08,STATE REPRESENTATIVE,01,R,32358.78,22358.31,58,79.61245729216564
SEFMRUwgIDM1Mg,HALER LAWRENCE E,08,STATE REPRESENTATIVE,02,R,62745.84,57745.84,124,78.36062303362459
U0lNTVMgIDMzNg,SIMMONS STEVEN A,08,STATE REPRESENTATIVE,U,R,22109.68,22109.68,34,11.958562946184657
U0NIT00gIDE2OQ,SCHOESLER MARK G,09,STATE SENATOR,&nbsp;,R,350506.49,342787.39,626,96.3819001626635
RFlFIE0gIDM0Nw,DYE MARY L,09,STATE REPRESENTATIVE,01,R,37879.85,36240.0,107,83.33333333333334
R09VTEogIDMwMQ,GOULET JENNIFER D,09,STATE REPRESENTATIVE,01,D,4088.00,4088.0,47,69.96086105675147
Uk9FTUggIDE2Mw,ROEMER HAILEY,09,STATE REPRESENTATIVE,01,R,1435.24,1435.24,9,47.03046180429754
U0NITUogIDExMQ,SCHMICK JOSEPH S,09,STATE REPRESENTATIVE,02,R,95925.80,91410.90999999999,258,85.60735255780739
U01JVEQgIDE0NA,SMITH DANIEL T,09,STATE REPRESENTATIVE,U,D,0.00,0.0,0,null
QkFJTEIgIDI3Nw,BAILEY BARBARA F,10,STATE SENATOR,&nbsp;,R,186945.72,175876.0,596,76.67618094566626
SE9NT0EgIDI3Nw,HOMOLA ANGELA D,10,STATE SENATOR,&nbsp;,D,81479.67,81407.38,519,19.764792823451632
UEVUUk4gIDIyMQ,PETRISH NICHOLAS J III,10,STATE SENATOR,&nbsp;,D,14001.00,14001.0,108,77.39447182344118
U0NPVE0gIDI4Mg,SCOTT MICHAEL,10,STATE REPRESENTATIVE,01,L,954.35,650.0,7,89.23076923076924
U01JVE4gIDIzNg,SMITH NORMA C,10,STATE REPRESENTATIVE,01,R,70076.42,61266.07,270,84.58189010654674
QU5ERUEgIDI1Nw,ANDERS ALVIN A,10,STATE REPRESENTATIVE,02,L,0.00,0.0,0,null
QlJFVkQgIDI3NA,BREVOORT DORIS J,10,STATE REPRESENTATIVE,02,D,7661.75,7661.75,56,31.846510262015858
SEFZRUQgIDI5Mg,HAYES DAVID J,10,STATE REPRESENTATIVE,02,R,65208.31,63927.06,208,78.30557200659626
SEFTRVIgIDEyNA,HASEGAWA ROBERT A,11,STATE SENATOR,&nbsp;,D,90362.47,90863.18,356,81.54788331203025
UFJJQ0QgIDA1Ng,PRICE DENNIS J,11,STATE SENATOR,&nbsp;,L,0.00,0.0,0,null
QUJPVUUgIDA1OA,ABOUDARA ERIN L,11,STATE REPRESENTATIVE,01,R,5227.76,5197.76,28,66.06692113525826
SFVER1ogIDE2OA,HUDGINS ZACHARY L,11,STATE REPRESENTATIVE,01,D,101988.68,31560.08,83,82.0181697891767
QkVSR1MgIDA1Ng,BERGQUIST STEVEN A,11,STATE REPRESENTATIVE,02,D,74736.63,39392.14,126,80.58714251117101
SEFXS0IyIDgwMg,HAWKINS BRADLEY M,12,STATE SENATOR,&nbsp;,R,111148.8,85473.0,254,8.599206767049242
UEFSTEwgIDgwMQ,PARLETTE LINDA EVANS,12,STATE SENATOR,&nbsp;,R,51750.00,50650.0,87,92.6949654491609
V1lTU0ogIDgxMg,WYSS JON C,12,STATE SENATOR,&nbsp;,R,95241.00,95254.95,262,43.61873057515646
Q09OREMgIDgwNw,CONDOTTA CARY L,12,STATE REPRESENTATIVE,01,R,64138.06,63485.0,108,88.28857210364653
TUFIRUQgIDgwMQ,MAHER DANIEL G,12,STATE REPRESENTATIVE,01,D,6944.29,6489.549999999999,25,18.491112634928463
QUxMRUIgIDgwNw,ALLEN BRADLEY N,12,STATE REPRESENTATIVE,02,R,3422.52,9157.74,8,0.0
U1RFRU0gIDgxNg,STEELE MICHEAL A,12,STATE REPRESENTATIVE,02,R,16471.56,17291.34,125,6.072403873846676
U1RPTkQgIDEzMw,STONE DANNY E,12,STATE REPRESENTATIVE,02,R,8795.00,8795.0,58,80.67083570210347
Q0hSSUcgIDgwNw,CHRISTENSEN GARN G,12,STATE REPRESENTATIVE,U,R,6954.74,9195.74,22,18.48682107149615
UEFJTkdKIDgwMg,PAINE GERALD,12,STATE REPRESENTATIVE,U,R,29439.35,29439.35,26,8.492035320073303
REVOVFQgIDgzNw,DENT THOMAS E,13,STATE REPRESENTATIVE,01,R,62908.72,63580.28,244,62.64521011860911
TUFOV00gIDkyNg,MANWELLER MATHEW S,13,STATE REPRESENTATIVE,02,R,125726.50,122430.38,268,67.03809953052502
V0VCQkIgIDgzNw,WEBB BENJAMIN J,13,STATE REPRESENTATIVE,02,D,1850.69,2732.0,22,44.143484626647144
S0lOR0MgIDkwOQ,KING CURTIS P,14,STATE SENATOR,&nbsp;,R,231946.31,236273.58000000002,565,81.31040296591773
UklDSEEgIDYzNQ,RICHARDS AMANDA D,14,STATE SENATOR,&nbsp;,O,1491.64,1491.6399999999999,16,23.464106620900488
Sk9ITk4gIDk0OA,JOHNSON NORMAN M,14,STATE REPRESENTATIVE,01,R,72682.29,71509.0,215,69.91987022612538
UEFMTVMgIDkwMQ,PALMER SUSAN S,14,STATE REPRESENTATIVE,01,D,1106.99,1106.99,16,33.3336344501757
QURBTUogIDYyMA,ADAMS JOHN E,14,STATE REPRESENTATIVE,02,D,0.00,620.0,5,0.0
TUNDQUcgIDYyMA,MCCABE GINA R,14,STATE REPRESENTATIVE,02,R,53491.00,53195.97,141,84.49888215216302
Q0hBTkIgIDk1Mw,CHANDLER BRUCE Q,15,STATE REPRESENTATIVE,01,R,0.00,0.0,0,null
Q09PUEEgIDk0Mg,COOPER ANGELA J,15,STATE REPRESENTATIVE,02,D,2732.01,2732.01,12,32.26562128249896
S0VBUkQgIDkwOA,KEARBY DAVID C,15,STATE REPRESENTATIVE,02,R,27071.00,27071.0,58,73.21857338110892
VEFZTEQgIDkzNg,TAYLOR DAVID V,15,STATE REPRESENTATIVE,02,R,15460.00,15460.0,45,90.23285899094438
SEVXSU0gIDM2Mg,HEWITT MICHAEL D,16,STATE SENATOR,&nbsp;,R,38470.00,37900.0,55,100.0
V0FMU00yIDM2Mg,WALSH MAUREEN S,16,STATE SENATOR,&nbsp;,R,74670.0,67143.02,106,97.42635943393668
RURXQU0gIDM1MA,EDWARDS MARY R,16,STATE REPRESENTATIVE,01,R,7482.70,7289.0,46,49.320894498559475
RlJBTlIgIDMwMQ,FRANCIK REBECCA A,16,STATE REPRESENTATIVE,01,D,4473.00,4473.0,24,48.6697965571205
SkVOS1cgIDM1MA,JENKIN WILLIAM R,16,STATE REPRESENTATIVE,01,R,86375.57,86375.57,11,0.1736602143406984
UE9NUkEgIDM2Mg,POMRANING ALLEN N,16,STATE REPRESENTATIVE,01,R,7904.00,7804.0,24,7.688364941055868
UlVERVMgIDUwNA,RUDE SKYLER D,16,STATE REPRESENTATIVE,01,R,29290.00,29790.0,126,57.65357502517623
RVNQSVIgIDMwMQ,ESPINOZA RICARDO,16,STATE REPRESENTATIVE,02,R,1400.00,1400.0,3,35.714285714285715
TkVBTFQgIDMyOA,NEALEY TERRY R,16,STATE REPRESENTATIVE,02,R,62910.00,62510.0,182,87.06606942889138
RE9XTkdXIDMzNw,DOWNING GARY W,16,STATE REPRESENTATIVE,U,D,5205.00,5155.0,25,77.88554801163919
QkVOVEQgIDY2OA,BENTON DONALD M,17,STATE SENATOR,&nbsp;,R,123622.01,123622.01000000001,318,74.00158758137
S0lNIEcgIDYwNg,KIM GUN-SAM,17,STATE SENATOR,&nbsp;,R,75520.88,75220.88,94,79.63081527363146
UFJPQlQgIDY4Ng,PROBST TIMOTHY P,17,STATE SENATOR,&nbsp;,O,208850.49,210939.78,510,68.84855952727361
V0lMU0wyIDY4Mg,WILSON LYNDA D,17,STATE SENATOR,&nbsp;,R,294268.07999999996,255420.74,335,94.2417596942206
RUdBTkogIDY4Mg,EGAN JOSHUA D,17,STATE REPRESENTATIVE,01,D,0.00,0.0,0,null
RlJJU1IgIDY4NA,FRISINA ROBERT A JR,17,STATE REPRESENTATIVE,01,D,3855.88,3969.88,25,32.71836932098704
SEFSUlQgIDY4Nw,HARRIS TANISHA L,17,STATE REPRESENTATIVE,01,D,8758.29,8758.29,63,43.74141527626968
S1JBRlYgIDY4Ng,KRAFT VICKI C,17,STATE REPRESENTATIVE,01,R,73152.45,73152.45,151,62.01734870123967
T0xJVkcgIDY4Mw,OLIVER GERALD T,17,STATE REPRESENTATIVE,01,R,16587.82,16346.55,29,45.45791007888515
Q09MV1IgIDY2Mg,COLWELL RICHARD,17,STATE REPRESENTATIVE,02,R,2804.74,2804.74,8,82.00403602472957
SEFSUlAgIDY4Mw,HARRIS PAUL L,17,STATE REPRESENTATIVE,02,R,83217.71,82220.06999999999,138,99.21069150147889
SEFTSE0gIDY4NQ,HASH MARTIN D,17,STATE REPRESENTATIVE,02,D,0.00,0.0,0,null
T1JBTkQgIDY2NQ,ORANGE DON,17,STATE REPRESENTATIVE,U,D,19320.76,19345.760000000002,66,37.8377484265286
SE9MVFIgIDYwNg,HOLT ERIC K,18,STATE SENATOR,&nbsp;,D,8216.15,8216.15,30,18.50014909659634
UklWRUEgIDYyOQ,RIVERS ANNA M,18,STATE SENATOR,&nbsp;,R,281297.50,281797.5,645,93.44351883888254
QU5ERUwgIDY4Mg,ANDERSON LISA A,18,STATE REPRESENTATIVE,01,O,2000.00,2000.0,1,0.0
T0JFUkogIDY4Mg,OBERG JUSTIN P,18,STATE REPRESENTATIVE,01,D,1746.88,1746.88,19,12.994596079868106
VklDS0IgIDY4Nw,VICK BRANDON P,18,STATE REPRESENTATIVE,01,R,99770.02,99770.02,194,93.85083815759484
Qk9XTVMgIDYwNA,BOWMAN SHANE A,18,STATE REPRESENTATIVE,02,R,8950.00,11525.0,34,48.590021691973966
QlJPV0kgIDY4Mw,BROWN ILANA E,18,STATE REPRESENTATIVE,02,D,0.00,0.0,0,null
R0lMTEsgIDY4NQ,GILLESPIE KATHY E,18,STATE REPRESENTATIVE,02,O,18949.78,18949.78,113,44.57043828477165
RVJJS0wgIDYwNw,PIKE LIZ S,18,STATE REPRESENTATIVE,02,R,92603.78,86338.42,307,62.08128432278469
SEFURkIgIDU3Nw,HATFIELD BRIAN A,19,STATE SENATOR,&nbsp;,D,17467.05,17466.5,34,90.17261615091748
UEVERVMgIDUyMA,PEDERSON SUE K,19,STATE SENATOR,&nbsp;,R,58381.92,58381.92,10,1.3274657633733182
VEFLS0QyIDYzMg,TAKKO DEAN A,19,STATE SENATOR,&nbsp;,D,112268.36,63752.58,126,91.2747374302342
UFVSQ1QgIDYzMg,PURCELL TERESA M,19,STATE REPRESENTATIVE,01,D,58498.00,58498.0,274,76.89493657902834
Uk9TU0ogIDYzMg,ROSSETTI JUSTIN D,19,STATE REPRESENTATIVE,01,D,71224.52,71930.31,168,80.81989358866937
U1VUSVQgIDYyNg,SUTINEN TIMO S,19,STATE REPRESENTATIVE,01,D,12165.70,12165.7,3,0.0
VElOTlYgIDYxMQ,TINNEY VALERIE J,19,STATE REPRESENTATIVE,01,R,14276.80,14276.8,92,53.89863274683403
VFVSTlQgIDYzMQ,TURNER TIFFANY A,19,STATE REPRESENTATIVE,01,D,11304.99,13799.99,89,48.840615101895004
V0FMU0pXIDUyMA,WALSH JAMES W,19,STATE REPRESENTATIVE,01,R,22336.13,22284.02,138,82.27869118767619
QkxBS0IgIDUwNA,BLAKE BRIAN E,19,STATE REPRESENTATIVE,02,D,96199.15,79600.0,168,94.0640703517588
T0hBR0ogIDU0Nw,O'HAGAN JAMES J,19,STATE REPRESENTATIVE,02,R,1071.43,1031.43,3,38.781109721454676
U1RBVksgIDYzNw,STAVRUM KEITH M,19,STATE REPRESENTATIVE,02,D,0.00,0.0,0,null
QlJBVUogIDUzMg,BRAUN JOHN E,20,STATE SENATOR,&nbsp;,R,177036.02,176856.02000000002,386,93.1963639122943
REVCT1IgIDUzMg,DEBOLT RICHARD C,20,STATE REPRESENTATIVE,01,R,60705.56,57058.41,130,97.8383379417688
T1JDVUUgIDYyNg,ORCUTT EDMUND T,20,STATE REPRESENTATIVE,02,R,69196.05,65597.44,168,93.32681275366843
SEVMU0EgIDIwNA,HELS ALEXANDER R,21,STATE REPRESENTATIVE,01,L,0.00,0.0,0,null
UEVURVMgIDAyNg,PETERSON STROM H,21,STATE REPRESENTATIVE,01,D,36034.17,32225.0,105,73.39022498060513
R1VUSEIgIDAyNg,GUTHRIE BRUCE M,21,STATE REPRESENTATIVE,02,L,0.00,0.0,0,null
S0hBTk0gIDI3NQ,KHAN MOHAMMED R,21,STATE REPRESENTATIVE,02,O,0.00,0.0,0,null
T1JUSUwgIDI3NQ,ORTIZ-SELF LILLIAN,21,STATE REPRESENTATIVE,02,D,48553.84,38085.0,92,77.66837337534463
U0NIRUogIDA0Ng,SCHERRER JEFFERY O,21,STATE REPRESENTATIVE,02,R,11611.00,12111.0,52,15.110230369085956
QkFMRFMgIDUwMg,BALDWIN SPENCER J,22,STATE SENATOR,&nbsp;,D,25.00,25.0,1,0.0
RlJBU0sgIDUwMw,FRASER KAREN R,22,STATE SENATOR,&nbsp;,D,44636.81,39607.06,526,77.77393727279936
SFVOVFMyIDUwNg,HUNT SAMUEL W,22,STATE SENATOR,&nbsp;,D,62680.729999999996,57274.0,234,79.36410936899814
TEVFIEUgIDUwMg,LEE ERIK A,22,STATE SENATOR,&nbsp;,D,2002.70,667.0,10,89.50524737631184
T1dFTlMgIDUwMQ,OWENS STEPHEN P,22,STATE SENATOR,&nbsp;,NO,700.99,700.99,2,0.0
QVVTVEQgIDUwMg,AUSTIN DONALD W,22,STATE REPRESENTATIVE,01,R,0.00,0.0,0,null
QkFOS0IgIDUxMw,BANKS BRADLEY N,22,STATE REPRESENTATIVE,01,D,0.00,0.0,0,null
RE9MQUwgIDIwMw,DOLAN LAURIE H,22,STATE REPRESENTATIVE,01,D,76011.14,75435.09,385,61.44526373601463
RURXQUYgIDUwNg,EDWARDS FRANKLIN E III,22,STATE REPRESENTATIVE,01,D,6012.00,6012.0,12,32.634730538922156
Sk9ITksgIDUwNw,JOHNSON KAREN A DR,22,STATE REPRESENTATIVE,01,D,13852.80,14352.8,67,47.38099882949668
T0xTT0IgIDUwNw,OLSON BRADY J,22,STATE REPRESENTATIVE,01,D,1983.98,6705.18,50,67.78341521032992
U1RSVVIgIDUwMQ,STRUB RHENDA I,22,STATE REPRESENTATIVE,01,D,28113.50,26308.78,81,51.8648147120467
Q0FSTERZIDUwNw,CARLSON DYLAN,22,STATE REPRESENTATIVE,02,D,7345.00,19626.0,103,55.232854376847044
RE9HTEIgIDUwNw,DOGLIO BETH M,22,STATE REPRESENTATIVE,02,D,84214.53,83691.75,597,73.55324748257743
TkFTU0MgIDExMA,ROLFES CHRISTINE N,23,STATE SENATOR,&nbsp;,D,148970.46,125736.54000000001,464,70.79485406549281
QVBQTFMgIDM3MA,APPLETON SHERRY V,23,STATE REPRESENTATIVE,01,D,72712.73,70579.0,264,47.30868955354992
QllSTkwgIDM3MA,BYRNES LORETTA M,23,STATE REPRESENTATIVE,01,R,11524.35,11524.35,120,21.476265472673077
Q0FSUkogIDM2NA,CARROLL JOHN F,23,STATE REPRESENTATIVE,01,D,3950.00,3950.0,1,0.0
RkVSR0EgIDM3Mg,FERGUSON APRIL D,23,STATE REPRESENTATIVE,01,R,982.00,987.0,17,66.05876393110435
SEFOU0QgIDExMA,HANSEN DREW D,23,STATE REPRESENTATIVE,02,D,113569.18,89925.22,251,87.92885911204887
SEFSR0ogIDU1MA,HARGROVE JAMES E,24,STATE SENATOR,&nbsp;,D,30122.50,28685.0,68,89.4718493986404
VFVSSUQgIDM2NQ,TURISSINI DANILLE A,24,STATE SENATOR,&nbsp;,O,39947.82,39427.82,110,61.23280465417565
VkFOREsyIDM4Mg,VAN DE WEGE KEVIN W,24,STATE SENATOR,&nbsp;,D,109116.37,83088.93,164,82.49715094417512
Q0hBUE0gIDM2Mg,CHAPMAN MICHAEL C,24,STATE REPRESENTATIVE,01,D,75139.10,75109.1,205,47.39771878507398
UkFNU1QgIDU1MA,RAMSAY TAMMY K,24,STATE REPRESENTATIVE,01,D,4917.36,4682.0,36,63.4878257155062
VlJBQkcgIDM2NQ,VRABLE GEORGE T,24,STATE REPRESENTATIVE,01,R,2740.56,2740.56,7,51.08444989345243
QUxHRUogIDM4Mg,ALGER JOHN D,24,STATE REPRESENTATIVE,02,O,7259.90,7259.9,34,20.385955729417763
Q09OV1MgIDM4Mg,CONWAY STAFFORD A JR,24,STATE REPRESENTATIVE,02,L,0.00,0.0,0,null
VEhBUlMgIDM4Mg,THARINGER STEPHEN P,24,STATE REPRESENTATIVE,02,D,79446.93,62875.0,110,92.32604373757455
REFNTUIgIDM3NA,DAMMEIER BRUCE F,25,STATE SENATOR,&nbsp;,R,53506.15,53506.15,76,78.82271477204023
TUVDS0sgIDQwNA,MECKLENBURG KARL,25,STATE SENATOR,&nbsp;,D,16472.00,15972.0,56,60.1740545955422
WkVJR0gyIDM3MQ,ZEIGER HANS A,25,STATE SENATOR,&nbsp;,R,225478.19,225396.04,656,86.790735098984
U01JVEogIDM3Mw,SMITH JAMIE L,25,STATE REPRESENTATIVE,01,D,32920.51,32820.51,117,26.827736680508618
U1RBTU0gIDM5MA,STAMBAUGH MELANIE,25,STATE REPRESENTATIVE,01,R,91490.87,86051.0,277,84.95078499959327
Q0hBVE0gIDM3MQ,CHATTERTON MICHELLE C,25,STATE REPRESENTATIVE,02,D,54166.27,54166.270000000004,103,57.87550074982087
TUNET0ogIDQ0Ng,MCDONALD JOYCE,25,STATE REPRESENTATIVE,02,R,51255.00,51355.0,140,85.68785902054327
TUFUSUEgIDM2Ng,MATIAS ALEXANDER B,26,STATE REPRESENTATIVE,01,D,1950.00,1952.5,16,61.4596670934699
U0NIRVcgIDM2Ng,SCHEIDLER WILLIAM C,26,STATE REPRESENTATIVE,01,R,0.00,0.0,0,null
U0VBUUwyIDMzNQ,SEAQUIST LARRY R,26,STATE REPRESENTATIVE,01,O,60146.09,60296.09,208,47.34137818886764
WU9VTkogIDMzNQ,YOUNG JESSE L,26,STATE REPRESENTATIVE,01,R,87149.63,95871.02,254,53.827527859826674
Q0FMRE0gIDM2Ng,CALDIER MICHELLE D,26,STATE REPRESENTATIVE,02,R,208853.45,204257.86,609,94.52023045771654
U1BJVFIgIDMzNQ,SPITZER RANDY E,26,STATE REPRESENTATIVE,02,O,45123.33,45898.33,360,44.304444192196094
Q0xJTk0gIDQwMg,CLINE MARTIN J,27,STATE SENATOR,&nbsp;,NO,0.00,0.0,0,null
REFSTkogIDQwNg,DARNEILLE JEANNIE L,27,STATE SENATOR,&nbsp;,D,43886.41,39745.020000000004,78,85.48240760729267
VEFZTEcgIDQyMg,TAYLOR GREGORY A,27,STATE SENATOR,&nbsp;,R,1759.54,1969.54,12,44.17275099769489
SklOS0wgIDQwNw,JINKINS LAURIE A,27,STATE REPRESENTATIVE,01,D,65102.26,61519.66,130,88.28072196757914
RkVZIEogIDQyMg,FEY JACOB C,27,STATE REPRESENTATIVE,02,D,90878.08,69266.88,163,90.01415972539833
VkFMTEogIDQwNQ,VALLERY-WATSON JEREMY E,27,STATE REPRESENTATIVE,02,D,0.00,0.0,0,null
T0JBTlMgIDEwMQ,O'BAN STEVEN T,28,STATE SENATOR,&nbsp;,R,292344.76,293644.76,793,90.53773682186599
UEVMT00gIDQ2Ng,PELOQUIN MARISA K,28,STATE SENATOR,&nbsp;,D,120394.97,120494.97,249,63.75535841869582
R0lST0EgIDQ2Ng,GIROUX ANNE S,28,STATE REPRESENTATIVE,01,D,0.00,0.0,0,null
S1JVR00yIDQ2Ng,KRUGER LEAVITT MARI L,28,STATE REPRESENTATIVE,01,D,111073.90,111073.9,141,79.54253879624287
TVVSSVIgIDM4OA,MURI RICHARD W,28,STATE REPRESENTATIVE,01,R,62776.20,62584.5,347,65.95083447179414
S0lMREMgIDQ2Ng,KILDUFF CHRISTINE J,28,STATE REPRESENTATIVE,02,D,132318.68,124804.31999999999,367,84.58490859931771
TFlPTkIgIDM4Nw,LYONS BRANDON A,28,STATE REPRESENTATIVE,02,L,0.00,0.0,0,null
V0FHRUogIDQ5OA,WAGEMANN JOHN P,28,STATE REPRESENTATIVE,02,R,9182.80,860.0,9,81.3953488372093
V0lOS00gIDMyNw,WINKLER MICHAEL S,28,STATE REPRESENTATIVE,02,R,27332.67,27332.67,157,42.4876164677655
RFVSU0IgIDQwOA,DURST BRANDEN J,29,STATE REPRESENTATIVE,01,D,7200.00,7200.0,26,60.06944444444444
U0FXWUQgIDQ0NA,SAWYER DAVID J,29,STATE REPRESENTATIVE,01,D,144568.35,144068.35,217,79.96621048273266
VEhPTVIgIDQ0NA,THOMAS RICHARD G,29,STATE REPRESENTATIVE,01,O,23812.50,23812.5,133,82.41049868766405
R0FSQ0ogIDQwNQ,GARCIA JESSICA J,29,STATE REPRESENTATIVE,02,R,6024.01,5321.82,34,73.9032887245341
S0lSQlMgIDQwOQ,KIRBY STEVEN T,29,STATE REPRESENTATIVE,02,D,68228.04,71178.04,157,93.94049063447098
S09DSEwgIDAwMw,KOCHMAR LINDA L,30,STATE REPRESENTATIVE,01,R,97185.70,97053.85,256,81.2693159519174
UEVMTE0gIDA5Mw,PELLICCIOTTI MICHAEL J,30,STATE REPRESENTATIVE,01,D,114196.46,114196.45999999999,600,76.41918147024873
RURXQVIgIDAyMw,EDWARDS ROSE O,30,STATE REPRESENTATIVE,02,D,2868.69,2822.0,30,26.222537207654145
SElDS1QgIDM1NA,HICKEL TERI H,30,STATE REPRESENTATIVE,02,R,96101.54,96101.54000000001,181,63.81375366097151
UkVFVksgIDA5Mw,REEVES KRISTINE M,30,STATE REPRESENTATIVE,02,D,55866.86,55211.86,190,70.46674392059967
RlJPU0ogIDM3MQ,FROSTAD JOHN P,31,STATE REPRESENTATIVE,01,L,2569.47,2005.33,11,21.692190312816344
U1RPS0EgIDA5Mg,STOKESBARY ANDREW R,31,STATE REPRESENTATIVE,01,R,103967.86,102968.22,204,93.16466770038367
Rk9SVFAgIDAzMQ,FORTUNATO PHILIP D,31,STATE REPRESENTATIVE,02,O,23689.00,23599.0,164,59.19318615195559
SFVSU0MgIDAyMg,HURST CHRISTOPHER A,31,STATE REPRESENTATIVE,02,D,100834.04,100834.04000000001,77,48.64726237290502
SVJXSU0gIDAyMg,IRWIN MORGAN T,31,STATE REPRESENTATIVE,02,R,14737.94,14737.94,24,79.79405534287696
TEVZQkMgIDM5MQ,LEYBA CHRISTOPHER S,31,STATE REPRESENTATIVE,02,R,0.00,0.0,0,null
TU9OUlAgIDM5MA,MONROY PABLO,31,STATE REPRESENTATIVE,02,R,7013.25,7013.25,56,73.01892845684954
V0FMVEwgIDAyMg,WALTHERS LANE C,31,STATE REPRESENTATIVE,02,O,50509.19,50509.19,128,84.54699035957614
UlVUTEEgIDAyNg,RUTLEDGE ALVIN A JR,32,STATE REPRESENTATIVE,01,R,0.00,0.0,0,null
UllVIEMgIDEzMw,RYU CINDY S,32,STATE REPRESENTATIVE,01,D,41845.14,27554.08,81,93.32556194944632
U01JVEsgIDAzNg,SMITH KEITH R,32,STATE REPRESENTATIVE,01,NO,0.00,0.0,0,null
SVJXSVcgIDEzMw,IRWIN WESLEY D,32,STATE REPRESENTATIVE,02,D,2800.00,2340.0,8,96.36752136752136
S0FHSVIgIDE1NQ,KAGI RUTH LECOCQ,32,STATE REPRESENTATIVE,02,D,112961.98,105193.68999999999,370,92.99387634372366
U0NISUQgIDAzNg,SCHIRLE DAVID D,32,STATE REPRESENTATIVE,02,R,866.00,866.0,9,89.4919168591224
SEFSVEEgIDE1NQ,HART ALEX R,32,STATE REPRESENTATIVE,U,L,460.00,460.0,1,0.0
T1JXQVQgIDE2Ng,ORWALL TINA L,33,STATE REPRESENTATIVE,01,D,50341.51,44934.95,147,75.12034618932479
UE9UVEogIDE2OA,POTTER JOHN S,33,STATE REPRESENTATIVE,01,R,0.00,0.0,0,null
U0NIQUMgIDE0OA,SCHAEFER CHARLES J,33,STATE REPRESENTATIVE,01,L,0.00,0.0,0,null
R1JFR00gIDE4OA,GREGERSON MIA SU-LING,33,STATE REPRESENTATIVE,02,D,33759.08,46103.729999999996,86,56.730767770850655
UE9MTFAgIDE5OA,POLLOCK PAMELA,33,STATE REPRESENTATIVE,02,R,7909.74,7909.74,51,74.21230027788525
QkVOU00gIDE0Ng,BENSON MATTHEW G,34,STATE REPRESENTATIVE,01,R,0.00,0.0,0,null
Q09EWUUgIDEyNg,CODY EILEEN L,34,STATE REPRESENTATIVE,01,D,104830.46,64571.0,140,96.942900063496
S09MREIgIDExMQ,KOLDING BRENDAN B,34,STATE REPRESENTATIVE,01,D,0.00,0.0,0,null
U0hFRkMgIDExNg,SHEFFER CHARLES K,34,STATE REPRESENTATIVE,01,R,7450.0,9970.0,33,93.2296890672016
RklUWkogIDE2Ng,FITZGIBBON JOSEPH C,34,STATE REPRESENTATIVE,02,D,78057.95,74593.0,132,96.3173488128913
UElMTEEgIDE5NA,PILLOUD ANDREW,34,STATE REPRESENTATIVE,02,R,7589.64,7589.64,24,15.310344100642453
Qk9XTEkgIDMxMg,BOWLING IRENE R,35,STATE REPRESENTATIVE,01,D,57554.26,53585.18,204,60.162623322343975
R1JJRkRBIDUyNA,GRIFFEY DANIEL G,35,STATE REPRESENTATIVE,01,R,64259.42,64202.58,210,53.27667517411294
TUFDRUQgIDU5Mg,MACEWEN DREW C,35,STATE REPRESENTATIVE,02,R,58914.35,58810.0,184,58.78251997959531
UEFUVEMgIDUyOA,PATTI CRAIG M,35,STATE REPRESENTATIVE,02,D,69696.61,69696.61,207,60.957053721838115
Q0FSTFIyIDExOQ,CARLYLE REUVEN M,36,STATE SENATOR,&nbsp;,D,65782.5,26341.0,44,78.96435215063968
RlJBTU4gIDExMQ,FRAME NOEL C,36,STATE REPRESENTATIVE,01,D,45111.43,45111.43,252,70.92215875222753
VEFSTEcgIDEwOQ,TARLETON GAEL D,36,STATE REPRESENTATIVE,02,D,98036.10,87978.74,257,83.02005689101708
RElDS0ogIDExOA,DICKINSON JOHN R,37,STATE REPRESENTATIVE,01,NO,0.00,0.0,0,null
U0FOVFMgIDExOA,SANTOS SHARON T,37,STATE REPRESENTATIVE,01,D,46797.74,43864.0,101,95.03009301477293
SEFMV0MgIDA1Nw,HALWACHS CARRERA,37,STATE REPRESENTATIVE,02,L,0.00,0.0,0,null
UEVUVEUgIDExOA,PETTIGREW ERIC,37,STATE REPRESENTATIVE,02,D,80915.26,76154.74,106,92.83729417236538
U01JTFQgIDE3OA,SMILANICH TAMRA M,37,STATE REPRESENTATIVE,02,NO,0.00,0.0,0,null
Uk9CSUogIDIwNg,ROBINSON JUNE G,38,STATE REPRESENTATIVE,01,D,71205.63,58310.5,158,79.82438840346079
RFJJU1MgIDI3MQ,DRISCOLL SHANE M,38,STATE REPRESENTATIVE,02,L,0.00,0.0,0,null
Sk9ITkIgIDI3MQ,JOHNSON BERT,38,STATE REPRESENTATIVE,02,I,0.00,0.0,0,null
U0VMTE0gIDIwMQ,SELLS MICHAEL S,38,STATE REPRESENTATIVE,02,D,65014.47,30675.0,55,90.79054604726976
UEVBUktKIDI3Mg,PEARSON KIRK J,39,STATE SENATOR,&nbsp;,R,98887.55,96515.2,261,88.79948443354002
S1JJU0QgIDI5MQ,KRISTIANSEN DANIEL P,39,STATE REPRESENTATIVE,01,R,208424.66,200973.45,324,97.75343459546522
V1JJR0wgIDIyMw,WRIGHT LINDA M,39,STATE REPRESENTATIVE,01,D,4988.84,4939.8099999999995,11,55.670157354230234
S09TVEogIDI3MA,KOSTER JOHN M,39,STATE REPRESENTATIVE,02,R,66208.36,64093.36,229,82.1473550458269
TUVUQ1IgIDI3MQ,METCALF RONDA K,39,STATE REPRESENTATIVE,02,D,14717.00,14817.0,46,70.69582236620099
U0NPVEUgIDAyMA,SCOTT ELIZABETH K,39,STATE REPRESENTATIVE,02,R,871.00,540.32,1,0.0
UkFOS0sgIDI1MA,RANKER KEVIN M,40,STATE SENATOR,&nbsp;,D,89334.76,88984.76,224,88.17240165619373
TUlMTEQgIDI1MA,MILLER DANIEL R,40,STATE SENATOR,&nbsp;,R,0.00,0.0,0,null
TFlUVEsgIDIyMQ,LYTTON KRISTINE C,40,STATE REPRESENTATIVE,01,D,78800.06,73319.35,130,96.08650376742291
TU9SUkogIDI3Mw,MORRIS JEFFREY R,40,STATE REPRESENTATIVE,02,D,70383.61,44195.99,87,93.10799463933267
REVHR0cgIDAwNg,DEGGINGER GRANT S,41,STATE SENATOR,&nbsp;,D,2638.52,2750.0,2,0.0
TElUWlMgIDA0MA,LITZOW STEPHEN R,41,STATE SENATOR,&nbsp;,R,347523.51,348173.51,616,86.19208279228366
UEFTU0ogIDAwNg,PASS JOHN J,41,STATE SENATOR,&nbsp;,R,2584.45,2584.45,17,42.346340614057155
U0lNT0IgIDAwNA,SIMONSON BRYAN M,41,STATE SENATOR,&nbsp;,L,8418.07,8418.07,9,4.976200007840277
V0VMTEwgIDA0MA,WELLMAN LISA,41,STATE SENATOR,&nbsp;,D,117102.22,117868.22000000003,276,67.80172806546159
QVBQTE0gIDAwNg,APPLEBY MICHAEL A,41,STATE REPRESENTATIVE,02,R,39447.00,53447.0,49,13.100828858495332
Q0xJQkogIDA0MA,CLIBBORN JUDITH R,41,STATE REPRESENTATIVE,02,D,116368.66,66671.0,154,91.87052841565298
UE9QUFcgIDAwNA,POPP WILLIAM E SR,41,STATE REPRESENTATIVE,02,D,0.00,0.0,0,null
U0VOTlQgIDA0MA,SENN TANA D,41,STATE REPRESENTATIVE,U,D,74855.18,53253.0,181,76.00510769346329
S0FSTEQgIDIyNw,KARLBERG DOUGLAS F,42,STATE REPRESENTATIVE,01,NO,1538.60,1538.6,16,19.498245157935788
TEFDTFMgIDI0OA,LACLAIR SHARLAINE M,42,STATE REPRESENTATIVE,01,D,17610.00,17610.0,127,58.830210107893244
TEFNT0ogIDIzMA,LAMONT JACOB D,42,STATE REPRESENTATIVE,01,L,7768.25,7768.25,16,56.61828597174395
VkFOV0wgIDIyOA,VAN WERVEN LUANNE E,42,STATE REPRESENTATIVE,01,R,74223.46,74223.45999999999,382,55.029770910706674
QVRXT1QgIDIyNg,ATWOOD TRACY D,42,STATE REPRESENTATIVE,02,D,0.00,0.0,0,null
QlVSTkogIDIyNQ,BURNS GERALD,42,STATE REPRESENTATIVE,02,L,0.00,0.0,0,null
QlVZU1YgIDI2NA,BUYS VINCENT K,42,STATE REPRESENTATIVE,02,R,67863.69,66599.72,229,76.40422512286838
RElDS0QgIDI0Nw,DICKSON DALE R,42,STATE REPRESENTATIVE,02,I,0.00,0.0,0,null
QVNLSUQgIDEwMg,ASKINI DANIELLE N,43,STATE REPRESENTATIVE,01,D,33093.47,33208.0,429,77.54456757407854
Q09VUk0gIDEwMg,COURTNEY MARCUS R,43,STATE REPRESENTATIVE,01,D,61774.68,61779.68,327,86.67811163800137
RUREWUogIDExNQ,EDDY JOHN D,43,STATE REPRESENTATIVE,01,NO,170.00,170.0,1,0.0
Rk9SQk0gIDEwMg,FORBES MICHAEL S,43,STATE REPRESENTATIVE,01,D,20737.99,20737.99,108,88.05091525263539
TUFDUk4gIDEwOQ,MACRI NICOLE,43,STATE REPRESENTATIVE,01,D,101276.15,101276.15,675,74.97733671747989
UElUQ1QgIDEyMg,PITCHFORD THOMAS B,43,STATE REPRESENTATIVE,01,D,34880.30,34880.3,220,81.22349865110104
UkFOQVMgIDExMQ,RANADE SAMEER D,43,STATE REPRESENTATIVE,01,D,36568.12,36808.12,318,81.35661370371537
U0hJSEQgIDEwMQ,SHIH DANIEL J,43,STATE REPRESENTATIVE,01,D,157133.26,157133.26,813,84.20106602510505
V0FMS0IgIDEwMw,WALKINSHAW BRADY P,43,STATE REPRESENTATIVE,01,D,64252.14,11750.0,19,66.80851063829788
WkFFUlogIDEwMQ,ZAERR ZACHARY J,43,STATE REPRESENTATIVE,01,R,0.00,0.0,0,null
Q0hPUEYgIDEwMw,CHOPP FRANK V,43,STATE REPRESENTATIVE,02,D,166411.21,159382.11,276,84.92797591900371
QUdZRVcgIDIwOA,AGYEKUM WILBERFORCE O,44,STATE REPRESENTATIVE,01,N,100.00,100.0,1,0.0
RFVOU0ggIDI5MQ,DUNSHEE HANS M,44,STATE REPRESENTATIVE,01,D,19187.98,21150.0,38,99.52718676122932
SFVYRkogIDI1OA,HUXFORD JANICE,44,STATE REPRESENTATIVE,01,R,100914.04,100578.04000000001,265,62.94614609710032
TE9WSUogIDAxMg,LOVICK JOHNNY R,44,STATE REPRESENTATIVE,01,D,106771.31,107271.31,199,72.07612175147298
RU5EUkMgIDIwOA,ENDRESON CHASE T,44,STATE REPRESENTATIVE,02,N,0.00,0.0,0,null
SEFSTU0gIDAxMg,HARMSWORTH MARK J,44,STATE REPRESENTATIVE,02,R,67134.21,64758.53,219,85.02354824916502
TVVMTE0gIDI5MA,MULLER MORREL J,44,STATE REPRESENTATIVE,02,D,0.00,0.0,0,null
T05EUksgIDI1OA,ONDRACEK KATRINA,44,STATE REPRESENTATIVE,02,D,61954.74,61954.74,72,80.9058354534294
R09PRFIgIDAzMw,GOODMAN ROGER E,45,STATE REPRESENTATIVE,01,D,125932.63,111105.89,301,75.39744292584308
VkFMRFIgIDA3NA,VALDERRAMA RAMIRO M,45,STATE REPRESENTATIVE,01,R,49250.29,48650.29,230,51.14871874350595
U1BSSUwgIDAzMw,SPRINGER LAWRENCE S,45,STATE REPRESENTATIVE,02,D,113892.62,96979.74,155,98.88663343498342
UE9MTEcgIDExNQ,POLLET GERALD M,46,STATE REPRESENTATIVE,01,D,34817.43,28795.0,151,71.94304566765062
VklTS1MgIDExNQ,VISKOVICH STEPHANIE H,46,STATE REPRESENTATIVE,01,L,3907.72,3445.14,17,31.49364031650383
RkFSUkogIDEwMg,FARRELL JESSYN S,46,STATE REPRESENTATIVE,02,D,57763.04,49639.229999999996,184,85.57344664693632
SEFSR00gIDA0Mg,HARGROVE MARK D,47,STATE REPRESENTATIVE,01,R,42411.08,40862.01,147,82.57905081027585
VkFMRUIgIDA0Mg,VALENTINE BROOKE N,47,STATE REPRESENTATIVE,01,D,26817.29,26967.29,126,90.27603441057667
S05PV0IgIDA0Mg,KNOWLES BARRY D,47,STATE REPRESENTATIVE,02,R,24096.01,24496.010000000002,110,45.03794699626592
U1VMTFAgIDA0Mg,SULLIVAN PATRICK J,47,STATE REPRESENTATIVE,02,D,226499.62,186728.39,330,96.00575466858574
REFSTkwgIDAzMw,DARNELL LINDA (MICHELLE),48,STATE REPRESENTATIVE,01,L,12667.71,12367.71,90,61.32097211205632
SFVOVFIgIDAzOQ,HUNTER ROSS A,48,STATE REPRESENTATIVE,01,D,8917.42,0.0,0,null
S1VERVAgIDAwNA,KUDERER PATRICIA E,48,STATE REPRESENTATIVE,01,D,55408.09,55408.09,249,71.47331734409181
TUNCUkogIDAzMw,MCBRIDE JOAN L,48,STATE REPRESENTATIVE,02,D,103484.00,81174.4,199,60.32690109196989
UEhFTEIgIDAwOA,PHELPS BENJAMIN J,48,STATE REPRESENTATIVE,02,L,0.00,0.0,0,null
Q0xFVkEgIDY2MA,CLEVELAND ANNETTE M,49,STATE SENATOR,&nbsp;,D,166752.40,167120.32,475,86.06237111082604
Rk9SU0ogIDY2MA,FORSMAN JUSTIN M,49,STATE SENATOR,&nbsp;,O,0.00,0.0,0,null
R0VSSEwgIDY2NA,GERHARDT LEWIS M JR,49,STATE SENATOR,&nbsp;,R,1410.02,1410.02,13,62.055857363725345
SEVORFYgIDY2Mg,HENDERSON VAUGHN G,49,STATE SENATOR,&nbsp;,D,0.00,0.0,0,null
QkVDS0IgIDY2MA,BECK BRICE E,49,STATE REPRESENTATIVE,01,O,0.00,0.0,0,null
VkFOREQgIDY2NQ,VAN DYKE DONALD E,49,STATE REPRESENTATIVE,01,R,0.00,0.0,0,null
V1lMSVMgIDY2MA,WYLIE SHARON L,49,STATE REPRESENTATIVE,01,D,49763.73,51404.729999999996,151,74.03987920955912
Q1JBSUMgIDY2MQ,CRAIN CAROLYN I,49,STATE REPRESENTATIVE,02,R,7626.29,7626.29,30,15.407229465441258
TUNMQVcgIDY2MQ,MCLAREN WADE R,49,STATE REPRESENTATIVE,02,R,444.00,444.0,7,56.30630630630631
TU9FTEogIDY2Mw,MOELLER JAMES C,49,STATE REPRESENTATIVE,02,D,6741.47,4360.0,8,100.0
Uk9TU0wgIDY2NQ,ROSS LISA P,49,STATE REPRESENTATIVE,02,R,392.98,0.0,0,null
U1RPTk0gIDY4Nw,STONIER MONICA J,49,STATE REPRESENTATIVE,02,D,76079.55,59956.44,323,74.08044907269344
VE9QUEEgIDY2Ng,TOPPER ALISHIA F,49,STATE REPRESENTATIVE,02,D,81383.70,81603.7,296,56.44351910513862
